group_name,dfes_substation,licence
ABERDYFI T1,ABERDYFI T1,SPM
ABERGELE T1 / PENSARN T1,ABERGELE T1 / PENSARN T1,SPM
ABERSOCH T1,ABERSOCH T1,SPM
ABERYSTWYTH GT2 / RHYDLYDAN GT1,ABERYSTWYTH GT2 / RHYDLYDAN GT1,SPM
ABERYSTWYTH T1 / NORTH RD T1 / PARC-Y-LLYN T1 / PARC-Y-LLYN T2 / U C WALES T1,ABERYSTWYTH T1 / NORTH RD T1 / PARC-Y-LLYN T1 / PARC-Y-LLYN T2 / U C WALES T1,SPM
ACER AVE T1,ACER AVE T1,SPM
ACORNFIELD RD T1 / DICKINSONS T1 / HAMMOND RD T1 / KODAK T1,ACORNFIELD RD T1 / DICKINSONS T1 / HAMMOND RD T1 / KODAK T1,SPM
ACTON T1,ACTON T1,SPM
AIGBURTH VALE T1 / IVY AVE T1 / MATHER AVE T1 / MOSSLEY HILL T1 / WAVERTREE T1,AIGBURTH VALE T1 / IVY AVE T1 / MATHER AVE T1 / MOSSLEY HILL T1 / WAVERTREE T1,SPM
AINSDALE T1 / PINFOLD LA T1,AINSDALE T1 / PINFOLD LA T1,SPM
AINTREE GT1 / FORMBY GT2A / LITHERLAND GT1B,AINTREE GT1 / FORMBY GT2A / LITHERLAND GT1B,SPM
AINTREE GT2 / FAZAKERLEY GT1 / GILLMOSS GT2,AINTREE GT2 / FAZAKERLEY GT1 / GILLMOSS GT2,SPM
AINTREE LOCAL T1 / OLD ROAN T1 / WANGO LA T1,AINTREE LOCAL T1 / OLD ROAN T1 / WANGO LA T1,SPM
AIRBUS T1 / BROUGHTON RETAIL PARK T1 / MIXALLOY T1,AIRBUS T1 / BROUGHTON RETAIL PARK T1 / MIXALLOY T1,SPM
AIRPORT T1 / ALDERWOOD AVE (CROYDE RD) T1 / HAREFIELD RD T1 / METAL BOX (SPEKE) T1,AIRPORT T1 / ALDERWOOD AVE (CROYDE RD) T1 / HAREFIELD RD T1 / METAL BOX (SPEKE) T1,SPM
ALBERT DOCK T1 / KINGS DOCK T1 / KINGS DOCK T2 / WAPPING T1,ALBERT DOCK T1 / KINGS DOCK T1 / KINGS DOCK T2 / WAPPING T1,SPM
ALLERTON T1 / ECP WEST-BANKS RD T1 / GARSTON T1 / WEAVER IND EST T1 / YEW TREE RD T1,ALLERTON T1 / ECP WEST-BANKS RD T1 / GARSTON T1 / WEAVER IND EST T1 / YEW TREE RD T1,SPM
ALMATEX T1 / ST HELENS WWTW T1 / WATERY LA T2,ALMATEX T1 / ST HELENS WWTW T1 / WATERY LA T2 / EX DELTA METALS T1,SPM
ALMONDS TURN T1 / ATLANTIC COMPLEX T1 / GIRO T1 / MIDLAND BANK T1 / NETHERTON T1,ALMONDS TURN T1 / ATLANTIC COMPLEX T1 / GIRO T1 / MIDLAND BANK T1 / NETHERTON T1,SPM
ALPOCO T1,ALPOCO T1,SPM
AMLWCH GT1 / CAERGEILIOG GT1 / CAERGEILIOG GT2,,
AMLWCH T1 / AMLWCH T2,AMLWCH T1 / AMLWCH T2,SPM
ANDERTON T1,ANDERTON T1,SPM
APPLETON T1 / HORNSBRIDGE T1 / LUGSDALE T2,APPLETON T1 / HORNSBRIDGE T1 / LUGSDALE T2,SPM
ARROWE PK HOSP T1 / CHAMPION PLUGS T1 / CHAMPION PLUGS T2 / WOODCHURCH T1,ARROWE PK HOSP T1 / CHAMPION PLUGS T1 / CHAMPION PLUGS T2 / WOODCHURCH T1,SPM
ARUNDEL T1 / GROVE PK T1 / WAVERTREE VALE T1,ARUNDEL T1 / GROVE PK T1 / WAVERTREE VALE T1,SPM
ASH RD T1 / KELLOGGS (WREXHAM) T1 / KELLOGGS (WREXHAM) T2,ASH RD T1 / KELLOGGS (WREXHAM) T1 / KELLOGGS (WREXHAM) T2,SPM
ASSOCIATED LEAD T1 / GREAT BOUGHTON T1 / PIPERS ASH T1,ASSOCIATED LEAD T1 / GREAT BOUGHTON T1 / PIPERS ASH T1,SPM
ASTMOOR IND EST T1 / MACKAMAX T1 / MERSEY RD T1 / PICOW FARM RD T1,ASTMOOR IND EST T1 / MACKAMAX T1 / MERSEY RD T1 / PICOW FARM RD T1,SPM
ATHOL ST T1 / CHISENHALE ST T1 / SANDHILLS LA T1,ATHOL ST T1 / CHISENHALE ST T1 / SANDHILLS LA T1,SPM
AUDLEM T1,AUDLEM T1,SPM
Abbeylands Road,ABBEYLANDS ROAD,SPD
Abronhill,ABRONHILL,SPD
Airdrie,AIRDRIE,SPD
Allanbank,ALLANBANK,SPD
Almondvale,ALMONDVALE,SPD
Annan,ANNAN,SPD
Anstruther,ANSTRUTHER,SPD
Archerhill Road,ARCHERHILL ROAD,SPD
Ardgour Drive,ARDGOUR DRIVE,SPD
Armadale,ARMADALE,SPD
Ashgrove Street,ASHGROVE STREET,SPD
Auchneel,AUCHNEEL,SPD
Auchtermuchty,AUCHTERMUCHTY,SPD
Aurs Road,AURS ROAD,SPD
Avenue End Road,AVENUE END ROAD,SPD
Ayr,AYR,SPD
Ayton,AYTON,SPD
BALA T1,BALA T1,SPM
BANASTRE RD T1 / DOVER RD T1 / GRANTHAM CL T1,BANASTRE RD T1 / DOVER RD T1 / GRANTHAM CL T1,SPM
BANGOR GT2 / CAERNARFON GT2,BANGOR GT2 / CAERNARFON GT2,SPM
BANGOR HOSP T1 / BANGOR UNIVERSITY T1 / EITHINOG T1 / HIRAEL T1,BANGOR HOSP T1 / BANGOR UNIVERSITY T1 / EITHINOG T1 / HIRAEL T1,SPM
BARBAULD ST T1 / HORROCKS LA T1 / WARRINGTON CENTRAL T1,BARBAULD ST T1 / HORROCKS LA T1 / WARRINGTON CENTRAL T1,SPM
BARMOUTH T1,BARMOUTH T1,SPM
BARNSTON T1 / GAYTON T1 / IRBY T1 / THINGWALL T1,BARNSTON T1 / GAYTON T1 / IRBY T1 / THINGWALL T1,SPM
BASCHURCH T1,BASCHURCH T1,SPM
BASS CHARRINGTON T1 / BASS CHARRINGTON T2 / CLIFTON T1 / YKK T1,BASS CHARRINGTON T1 / BASS CHARRINGTON T2 / CLIFTON T1 / YKK T1,SPM
BATTERSBY LA T1 / RYLANDS ELDON ST T2,BATTERSBY LA T1 / RYLANDS ELDON ST T2,SPM
BEAUMARIS T1 / BEAUMARIS T2,BEAUMARIS T1 / BEAUMARIS T2,SPM
BEAUMONT ST T1 / DINGLE VALE T1 / LARK LA T1 / MDHB BRUNSWICK DOCK T1,BEAUMONT ST T1 / DINGLE VALE T1 / LARK LA T1 / MDHB BRUNSWICK DOCK T1,SPM
BEDBURN DV T1 / BLUEBELL LA T1 / BROOKBRIDGE T1 / ECCLESTON T1,BEDBURN DV T1 / BLUEBELL LA T1 / BROOKBRIDGE T1 / ECCLESTON T1 / IND EST EARLSFIELD T1,SPM
BEECH ST T1 / LISTER DV B T2,BEECH ST T1 / LISTER DV A T2,SPM
BEMROSE T1 / CARR LA EAST T1 / LUCAS (FAZAKERLEY) T1 / NORRIS GREEN T1 / WEST DERBY T1,BEMROSE T1 / CARR LA EAST T1 / LUCAS (FAZAKERLEY) T1 / NORRIS GREEN T1 / WEST DERBY T1,SPM
BENTINCK ST T1 / BENTINCK ST T2 / CHESTER ST (BIRKENHEAD) T1,BENTINCK ST T1 / BENTINCK ST T2 / CHESTER ST T1,SPM
BERSHAM COLLIERY T1,BERSHAM COLLIERY T1,SPM
BERSHAM RD T1 / IND COOPE T1 / RHYD BROUGHTON LA T1 / TUTTLE ST T1,BERSHAM RD T1 / IND COOPE T1 / RHYD BROUGHTON LA T1 / TUTTLE ST T1,SPM
BETHESDA T1,BETHESDA T1,SPM
BETWS-Y-COED T1,BETWS-Y-COED T1,SPM
BEWSEY T1 / OWEN ST T1 / RODNEY ST T1 / RYLANDS ELDON ST T1,BEWSEY T1 / OWEN ST T1 / RODNEY ST T1 / RYLANDS ELDON ST T1,SPM
BIBBYS T1 / INLAND REVENUE OFFICES T1 / REGENT RD T1,BIBBYS T1 / INLAND REVENUE OFFICES T1 / REGENT RD T1,SPM
BICC HELSBY T1 / BICC HELSBY T2 / MERES EDGE T1,,
BICC HUYTON QUARRY T1 / TARBOCK T1 / WHISTON T1,BICC HUYTON QUARRY T1 / TARBOCK T1 / WHISTON T1,SPM
BICC WREXHAM T1 / MARCHWIEL T1 / WIE CENTRAL T1,BICC WREXHAM T1 / MARCHWIEL T1 / WIE CENTRAL T1,SPM
BIRKENHEAD,BIRKENHEAD,SPM
BIRKENHEAD CENTRAL T1 / SINGLETON AVE T1 / TRANMERE T1,BIRKENHEAD CENTRAL T1 / SINGLETON AVE T1 / TRANMERE T1,SPM
BLACON T1 / COCOA BARRY T1 / CRANE BANK T1 / KNUTSFORD WAY T1 / TOWER WHARF T1,BLACON T1 / COCOA BARRY T1 / CRANE BANK T1 / KNUTSFORD WAY T1 / TOWER WHARF T1,SPM
BLAENAU FFESTINIOG T1,BLAENAU FFESTINIOG T1,SPM
BLAENAU PLASTICS T1 / BLAENAU PLASTICS T2,,
BLUNDELL ST T1 / ROPEWALKS T1 / ST JAMES T1,BLUNDELL ST T1 / ROPEWALKS T1 / ST JAMES T1,SPM
BLUNDELLSANDS (NORTH) T1 / BLUNDELLSANDS (SOUTH) T1 / CROSBY T1 / KERSHAW AVE T1 / WATERLOO T2,BLUNDELLSANDS (NORTH) T1 / BLUNDELLSANDS (SOUTH) T1 / CROSBY T1 / KERSHAW AVE T1 / WATERLOO T2,SPM
BODFARI PRODUCERS T1,BODFARI PRODUCERS T1,SPM
BOLD G4A / PRESCOT GT1B / WIDNES GT1 / WIDNES GT2,BOLD G4A / PRESCOT GT1B / WIDNES GT1 / WIDNES GT2,SPM
BOLD G4B / RAVENHEAD G1A2 / ST HELENS GT2,BOLD G4B / RAVENHEAD G1A2 / ST HELENS GT2A,SPM
BOLTON ST T1 / GREEK ST T1 / HPO COPPERAS HILL T1 / OLDHAM PLACE T1,BOLTON ST T1 / GREEK ST T1 / HPO COPPERAS HILL T1 / OLDHAM PLACE T1,SPM
BOOTLE GRID T1 / KELLOGGS T1 / PACIFIC RD T1 / WASHINGTON ST T1 / WATERLOO T1,BOOTLE GRID T1 / KELLOGGS T1 / PACIFIC RD T1 / WASHINGTON ST T1 / WATERLOO T1,SPM
BOOTLE GRID T2 / ORRELL MOUNT T1 / SCARISBRICK AVE T1 / TATTON RD T1,BOOTLE GRID T2 / ORRELL MOUNT T1 / SCARISBRICK AVE T1 / TATTON RD T1,SPM
BOOTLE GT1 / LITHERLAND GT1A,BOOTLE GT1 / LITHERLAND GT1A,SPM
BOOTLE GT2A / BURLINGTON ST GT1 / LISTER DV A GT2,BOOTLE GT2A / BURLINGTON ST GT1 / LISTER DV A GT2,SPM
BOTWNNOG T1,BOTWNNOG T1,SPM
BOULEVARD T1 / CHAPELFORD T1 / HAWLEYS LA T1 / WESTBROOK T1 / WINWICK QUAY T1,BOULEVARD T1 / CHAPELFORD T1 / HAWLEYS LA T1 / WESTBROOK T1 / WINWICK QUAY T1,SPM
BOW ST T1,BOW ST T1,SPM
BOWATER CONTAINERS T1 / ELLESMERE PORT LOCAL T1 / HH ROBERTSONS T1 / MOBIL OIL (E PORT) T1 / WHITBY MAIN T1,BOWATER CONTAINERS T1 / ELLESMERE PORT LOCAL T1 / HH ROBERTSONS T1 / MOBIL OIL (E PORT) T1 / WHITBY T1,SPM
BR STATION T1 / DUCHY RD T1 / ELECTRA WAY T1 / MIDLAND ROLLMAKERS T1A / NORTH WESTERN MILLS T1,BR STATION T1 / DUCHY RD T1 / ELECTRA WAY T1 / MIDLAND ROLLMAKERS T1A / NORTH WESTERN MILLS T1,SPM
BRAEHEAD PARK PRIMARY,,
BRD T1,BRD T1,SPM
BRITISH ALUMINIUM LATCHFORD T1 / GREENHALL WHITLEY T1 / LATCHFORD T1 / LATCHFORD T2 / THAMES BOARD MILL T1,BRITISH ALUMINIUM LATCHFORD T1 / GREENHALL WHITLEY T1 / LATCHFORD T1 / LATCHFORD T2,SPM
BRITISH OXYGEN T1 / WINDLEHURST T1,BRITISH OXYGEN T1 / WINDLEHURST T1,SPM
BRITISH PIPE ASSOCIATION T1,BRITISH PIPE ASSOCIATION T1,SPM
BRITISH SIDAC T1 / SHERDLEY RD T1 / ST HELENS LINKWAY T1 / WATERY LA T1,BRITISH SIDAC T1 / SHERDLEY RD T1 / ST HELENS LINKWAY T1 / WATERY LA T1,SPM
BROADGREEN T1 / CROXTETH T1 / EAST PRESCOT RD (FINCH LA) T1 / KNOTTY ASH T1 / LEYFIELD RD T1,BROADGREEN T1 / CROXTETH T1 / EAST PRESCOT RD (FINCH LA) T1 / KNOTTY ASH T1 / LEYFIELD RD T1,SPM
BROMBOROUGH GT2 / ELLESMERE PORT GT1 / HOOTON PK GT1A / HOOTON PK GT2A,BROMBOROUGH GT2 / ELLESMERE PORT GT1 / HOOTON PK GT1A / HOOTON PK GT2A,SPM
BROMBOROUGH GT3 / ROCK FERRY GT2,BROMBOROUGH GT3 / ROCK FERRY GT2,SPM
BROMFIELD T1 / BROMFIELD T2 / PONTERWYL T1 / RHYD-Y-GOLEU T1 / SYNTHITE T1,BROMFIELD T1 / BROMFIELD T2 / PONTERWYL T1 / RHYD-Y-GOLEU T1 / SYNTHITE T1,SPM
BROOK LA T1 / MANNINGS LA T1 / NEWTOWN CHESTER T1 / UPTON HEATH T1 / COUNTESS PARK T1,BROOK LA T1 / MANNINGS LA T1 / NEWTOWN CHESTER T1 / UPTON HEATH T1,SPM
BROOK ST T1 / KINGSWAY TUNNEL T1 / NWWA SANDON DOCK T1 / NWWA SANDON DOCK T2,BROOK ST T1 / KINGSWAY TUNNEL T1 / NWWA SANDON DOCK T1 / NWWA SANDON DOCK T2,SPM
BRYMBO GT1 / LEGACY LOCAL GT1 / MARCHWIEL GT1 / MARCHWIEL GT2 / WREXHAM GT1,BRYMBO GT1 / LEGACY LOCAL GT1 / MARCHWIEL GT1 / MARCHWIEL GT2 / WREXHAM GT1,SPM
BRYMBO GT2 / HAWARDEN GT2 / HOLYWELL GT1,BRYMBO GT2 / HAWARDEN GT2 / HOLYWELL GT2,SPM
BRYN STANLEY T1,,
BUCKINGHAM ST T1 / EVERTON RD T1 / SUBURBAN RD T1,BUCKINGHAM ST T1 / EVERTON RD T1 / SUBURBAN RD T1,SPM
BUCKLEY T1 / BUCKLEY T2 / BUCKLEY CROSS T1,BUCKLEY T1 / BUCKLEY T2 / BUCKLEY CROSS T1,SPM
BUILDWAS RD T1 / GEC MARCONI T1 / MORGAN REFRACTORIES T1 / NESTON MAIN T1,BUILDWAS RD T1 / MORGAN REFRACTORIES T1 / NESTON MAIN T1,SPM
BURLINGTON AVE T1 / FRESHFIELD T1 / MARSH BROWS T1 / SOUTHPORT RD T1,BURLINGTON AVE T1 / FRESHFIELD T1 / MARSH BROWS T1 / SOUTHPORT RD T1,SPM
BURLINGTON ST GT2 / LISTER DV B GT1 / PARADISE ST GT1,BURLINGTON ST GT2 / LISTER DV B GT1 / PARADISE ST GT1,SPM
BUTLINS T1 / BUTLINS T2,,
BUTTINGTON CROSS T1,BUTTINGTON CROSS T1,SPM
BXL BROMBOROUGH T1 / TULIP T1,BXL BROMBOROUGH T1 / TULIP T1,SPM
Baillieston,BAILLIESTON,SPD
Bainsford,BAINSFORD,SPD
Baker Street,BAKER STREET,SPD
Balgreen,BALGREEN,SPD
Balloch,BALLOCH,SPD
Balmore,BALMORE,SPD
Barnton Grove,BARNTON GROVE,SPD
Barnton Quarry,BARNTON QUARRY,SPD
Barrhead,BARRHEAD,SPD
Barrhill,BARRHILL,SPD
Barterholm,BARTERHOLM,SPD
Bathgate,BATHGATE,SPD
Belhaven Forth,BELHAVEN FORTH,SPD
Belhaven West,BELHAVEN WEST,SPD
Bellshill,,
Berryhill Road,BERRYHILL ROAD,SPD
Berwick,BERWICK,SPD
Biggar & Symington,,
Birrell Street Wynd,BIRRELL STREET WYND,SPD
Bishop,BISHOP,SPD
Bishopbriggs,BISHOPBRIGGS,SPD
Blackburn,BLACKBURN,SPD
Blackhall Package,BLACKHALL PACKAGE,SPD
Bo'ness Kinneil,BONESS KINNEIL,SPD
Bonnington Road,BONNINGTON ROAD,SPD
Bonnybridge,BONNYBRIDGE,SPD
Boundary Street,BOUNDARY STREET,SPD
Bowhill,BOWHILL,SPD
Braidwood,BRAIDWOOD,SPD
Broxburn,BROXBURN,SPD
Broxburn GSP,BROXBURN,SPD
Burghlee,BURGHLEE,SPD
Burnbank,BURNBANK,SPD
Burnfield,BURNFIELD,SPD
Burnside,BURNSIDE,SPD
Burntisland,BURNTISLAND,SPD
Bush Estate,BUSH ESTATE,SPD
Byrehill,BYREHILL,SPD
Byres Road,BYRES ROAD,SPD
CABLE ST T1 / GRADWELL ST T2 / OLDHAM PLACE T2,CABLE ST T1 / GRADWELL ST T2 / OLDHAM PLACE T2,SPM
CABLE ST T2 / CROWN COURTS T1 / GRADWELL ST T1,CABLE ST T2 / CROWN COURTS T1 / GRADWELL ST T1,SPM
CADBURYS KRONOSPAN T1 / CADBURYS KRONOSPAN T2,CADBURYS KRONOSPAN T1 / CADBURYS KRONOSPAN T2,SPM
CADBURYS T1 / CADBURYS T2 / HOPFIELD RD T1,CADBURYS T1 / CADBURYS T2 / HOPFIELD RD T1,SPM
CAERGEILIOG T1,CAERGEILIOG T1,SPM
CAERGWRLE T1,CAERGWRLE T1,SPM
CAERNARFON T1,CAERNARFON T1,SPM
CAERSWS T1,CAERSWS T1,SPM
CALDY T1 / HOYLAKE T1 / MEOLS T1 / WEST KIRBY SOUTH T1,CALDY T1 / HOYLAKE T1 / MEOLS T1 / WEST KIRBY SOUTH T1,SPM
CALEDONIA BUS DEPOT,CALEDONIA BUS DEPOT,SPD
CAMMELL LAIRD NORTH T1 / CAMMELL LAIRD SOUTH T1 / CAMMELL LAIRD SOUTH T2,,
CAPENHURST,CAPENHURST,SPM
CARBORUNDUM T1 / HOUGHTONS LA T1 / RAINFORD T1 / WINDLEHURST T2,CARBORUNDUM T1 / HOUGHTONS LA T1 / RAINFORD T1 / WINDLEHURST T2,SPM
CARLTON ST T1 / CARLTON ST T2 / CHALON WAY T2,CARLTON ST T1 / CARLTON ST T2 / CHALON WAY T2,SPM
CARMEL T1,CARMEL T1,SPM
CARRINGTON / FIDDLERS FERRY,CARRINGTON - FIDDLERS FERRY,SPM
CASTLE BEESTON ST T1 / HARTFORD T2 / LEICESTER ST T1 / NORTHWICH TOWN T1 / WINNINGTON T1,CASTLE BEESTON ST T1 / HARTFORD T2 / LEICESTER ST T1 / NORTHWICH TOWN T1 / WINNINGTON T1,SPM
CASTLE CEMENT GT1 / HAWARDEN GT1 / SALTNEY GT1 / SALTNEY G2B,CASTLE CEMENT GT1 / HAWARDEN GT1 / SALTNEY GT1 / SALTNEY G2B,SPM
CEFN MAWR T1,CEFN MAWR T1,SPM
CELLARHEAD,CELLARHEAD,SPM
CEMAES BAY T1,CEMAES BAY T1,SPM
CEMMAES RD T1,CEMMAES RD T1,SPM
CEREAL PARTNERS T1 / LEVER GEORGIA AVE T1 / POOL LA T1 / UML LEVER BROMBOROUGH T2,CEREAL PARTNERS T1 / LEVER GEORGIA AVE T1 / POOL LA T1 / UML LEVER BROMBOROUGH T2,SPM
CHALON WAY T1 / TECHNOLOGY CAMPUS T1 / WOODVILLE ST T1,CHALON WAY T1 / TECHNOLOGY CAMPUS T1 / WOODVILLE ST T1,SPM
CHESHIRE GREEN T1 / NWF T1,CHESHIRE GREEN T1 / NWF T1,SPM
CHESTER GATES T1 / UNILEVER DUNKIRK T1,CHESTER GATES T1 / UNILEVER DUNKIRK T1,SPM
CHESTER MAIN GT4 / CRANE BANK GT1 / GUILDEN SUTTON GT1 / SALTNEY G2A,CHESTER MAIN GT4 / CRANE BANK GT1 / GUILDEN SUTTON GT1 / SALTNEY G2A,SPM
CHESTER ST (WREXHAM) T1 / EAGLES MEADOW T1 / RHOSNESNI T1 / WHITEGATE T1,CHESTER ST (WREXHAM) T1 / EAGLES MEADOW T1 / RHOSNESNI T1 / WHITEGATE T1,SPM
CHILDWALL T1 / CHILDWALL FIVEWAYS T1 / LYNDENE RD T1 / MIDDLEMASS HEY T1 / NAYLORS RD T1,CHILDWALL T1 / CHILDWALL FIVEWAYS T1 / LYNDENE RD T1 / MIDDLEMASS HEY T1 / NAYLORS RD T1,SPM
CHOWLEY T1 / CHOWLEY T2,CHOWLEY T1 / CHOWLEY T2,SPM
CHURCH LA T1 / NANT HALL T1 / PRESTATYN T1,CHURCH LA T1 / NANT HALL T1 / PRESTATYN T1,SPM
CHURCH LAWTON T1,CHURCH LAWTON T1,SPM
CHURCH ST WINSFORD T1 / OVER T1 / WHARTON PK T1 / WOODFORD PK T1,CHURCH ST WINSFORD T1 / OVER T1 / WHARTON PK T1 / WOODFORD PK T1,SPM
CIVIC CENTRE T1 / CLAUGHTON AVE T1 / ELECTRICITY ST T1,,
CLEDFORD T1,CLEDFORD T1,SPM
CLOCKFACE T1 / GEC ST HELENS T1 / HILLS MOSS T1 / NCB SUTTON MANOR T2,CLOCKFACE T1 / GEC ST HELENS T1 / HILLS MOSS T1 / NCB SUTTON MANOR T2,SPM
CLUBMOOR T1 / DUNLOPS WALTON T1 / WALTON T1,CLUBMOOR T1 / DUNLOPS WALTON T1 / WALTON T2,SPM
CLUBMOOR T2 / LISTER DV A T1 / SUBURBAN RD T2,CLUBMOOR T2 / LISTER DV A T1 / SUBURBAN RD T2,SPM
COEDPOETH T1 / COEDPOETH T2,COEDPOETH T1 / COEDPOETH T2,SPM
COLWYN BAY GT1 / COLWYN BAY GT2 / DOLGARROG GT2,COLWYN BAY GT1 / COLWYN BAY GT2 / DOLGARROG GT2,SPM
COLWYN BAY T1 / COLWYN BAY T2 / RHOS-ON-SEA T1,COLWYN BAY T1 / COLWYN BAY T2 / RHOS-ON-SEA T1,SPM
CONEY GREEN T1 / OSWESTRY T2 / OSWESTRY T1,CONEY GREEN T1 / OSWESTRY T2 / OSWESTRY T1,SPM
CONIX T1 / CONIX T2 / MEDEVA T1,CONIX T1 / CONIX T2 / MEDEVA T1,SPM
CONNAHS QUAY LOCAL T1 / CONNAHS QUAY LOCAL T2 / HAWARDEN T1 / KING GEORGE ST T1,CONNAHS QUAY LOCAL T1 / CONNAHS QUAY LOCAL T2 / HAWARDEN T1 / KING GEORGE ST T1,SPM
CONNAHS QUAY T1 / T2,,
CONWY T1 / DEGANWY T1 / LLANDUDNO JUNCTION T1,CONWY T1 / DEGANWY T1 / LLANDUDNO JUNCTION T1,SPM
COPPENHALL GT1 / CREWE GT4A,,
CORWEN T1,CORWEN T1,SPM
CREWE GT1 / CREWE GT2A / RADWAY GREEN GT1 / RADWAY GREEN GT2 / WHITCHURCH GT2,COPPENHALL GT1 / CREWE GT1 / CREWE GT2A / CREWE GT4A / RADWAY GREEN GT1 / RADWAY GREEN GT2 / WHITCHURCH GT2,SPM
CREWE T1,CREWE T1,SPM
CRIGGION RADIO STATION T1,CRIGGION RADIO STATION T1,SPM
CROSSFIELDS T1 / CROSSFIELDS T2 / LEVERS CROSSFIELDS T3 / GATEWARTH SEWAGE T1,CROSSFIELDS T1 / CROSSFIELDS T2 / LEVERS CROSSFIELDS T3 / GATEWARTH SEWAGE T1,SPM
CROWTON T1,CROWTON T1,SPM
CWM DYLI T1,CWM DYLI T1,SPM
Caddlehill,CADDLEHILL,SPD
Calais 1,CALAIS 1,SPD
Calais 2,CALAIS 2,SPD
Callendar,CALLENDAR,SPD
Cambuslang,CAMBUSLANG,SPD
Camelon,CAMELON,SPD
Cameron,CAMERON,SPD
Cardonald,CARDONALD,SPD
Carfin,CARFIN,SPD
Cargenbridge,CARGENBRIDGE,SPD
Carmunnock Road,CARMUNNOCK ROAD,SPD
Carntyne,CARNTYNE,SPD
Carron,CARRON,SPD
Carrutherstown,CARRUTHERSTOWN,SPD
Castlandhill,CASTLANDHILL,SPD
Castle,CASTLE,SPD
Castle Douglas,CASTLE DOUGLAS,SPD
Castlemilk,CASTLEMILK,SPD
Chapel,CHAPEL,SPD
Chapelcross,CHAPELCROSS,SPD
Chapelhall,CHAPELHALL,SPD
Charles Street,CHARLES STREET,SPD
Charlotte St,CHARLOTTE STREET,SPD
Chirnside,CHIRNSIDE,SPD
Clark Way,CLARK WAY,SPD
Clarkston,CLARKSTON,SPD
Cluny Road,CLUNY ROAD,SPD
Clydebank Business Park,CLYDEBANK BUSINESS PARK,SPD
Coatbridge,COATBRIDGE,SPD
Coats Street,COATS STREET,SPD
Cockenzie,COCKENZIE,SPD
Coddington Crescent,CODDINGTON CRES,SPD
Coldstream,COLDSTREAM,SPD
Colinsburgh,COLINSBURGH,SPD
Colinton North,COLINTON NORTH,SPD
College Milton,COLLEGE MILTON,SPD
Collydene,COLLYDENE,SPD
Colquhoun Street,COLQUHOUN STREET,SPD
Commercial Road,COMMERCIAL ROAD,SPD
Common Farm,COMMON FARM,SPD
Condorrat,CONDORRAT,SPD
Consett Street,CONSETT STREET,SPD
Corra Linn,CORRA LINN,SPD
Cousland,COUSLAND,SPD
Cowdenbeath,COWDENBEATH,SPD
Cowgate,COWGATE,SPD
Coylton,COYLTON,SPD
Craigdhu Road,CRAIGDHU ROAD,SPD
Craigendoran,CRAIGENDORAN,SPD
Craigneuk,CRAIGNEUK,SPD
Creetown,CREETOWN,SPD
Cronberry,CRONBERRY,SPD
Crookston,CROOKSTON,SPD
Crookston A,CROOKSTON A,SPD
Crookston B,CROOKSTON B,SPD
Cumbernauld,CUMBERNAULD,SPD
Cumnock,CUMNOCK,SPD
Cupar,CUPAR,SPD
Cupar GSP,CUPAR,SPD
Currie,CURRIE,SPD
DAILY POST & ECHO T1 / DAILY POST & ECHO T2,DAILY POST & ECHO T1 / DAILY POST & ECHO T2,SPM
DALLAM GT1 / SANKEY BRIDGES GT1 / WARRINGTON GT3,DALLAM GT1 / SANKEY BRIDGES GT1 / WARRINGTON GT3,SPM
DARESBURY NPL T1 / DARESBURY PK T1,,
DAVY WAY T1 / LLAY T1,DAVY WAY T1 / LLAY T1,SPM
DEESIDE ALUMINIUM T1 / DUNLOP PLASTICS T1 / FIRESTONE T1 / TETRAPAK T1,DEESIDE ALUMINIUM T1 / DUNLOP PLASTICS T1 / FIRESTONE T1 / TETRAPAK T1,SPM
DEESIDE IND PK T1 / DEESIDE IND PK 6TH AVE T1 / RAF SEALAND T1,DEESIDE IND PK T1 / DEESIDE IND PK 6TH AVE T1 / RAF SEALAND T1,SPM
DEESIDE PK GT1 / SIXTH AVE GT1,DEESIDE PK GRID GT1 / SIXTH AVE GRID GT1,SPM
DELAMORE ST T1 / KIRKDALE T1 / WALTON T2,DELAMORE ST T1 / KIRKDALE T1 / WALTON T1,SPM
DENBIGH T1,,
DESOTO RD T1 / MERSEY BRIDGE T1 / PITT ST T1,DESOTO RD T1 / MERSEY BRIDGE T1 / PITT ST T1,SPM
DIBBINSDALE T1 / PLYMYARD T1 / WIBP HARDKNOTT RD T1,DIBBINSDALE T1 / PLYMYARD T1 / WIBP HARDKNOTT RD T1,SPM
DINGLE T1 / GRANBY T1 / ST JAMES T2,DINGLE T1 / GRANBY T1 / ST JAMES T2,SPM
DITTON T1 / GAVIN RD T1 / HOUGH GREEN T1 / RTZ T1,DITTON T1 / GAVIN RD T1 / HOUGH GREEN T1 / RTZ T1,SPM
DODDS LA T1 / HOLBORN HILL T1 / MAGHULL T1 / MAGHULL T2 / ROBBINS BRIDGE T1,DODDS LA T1 / HOLBORN HILL T1 / MAGHULL T1 / MAGHULL T2 / ROBBINS BRIDGE T1,SPM
DOLGARROG T1 / DOLGARROG T2,DOLGARROG T1 / DOLGARROG T2,SPM
DOLGELLAU T1,DOLGELLAU T1,SPM
DUCKINGTON T1 / DUCKINGTON T2,DUCKINGTON T1 / DUCKINGTON T2,SPM
DUDDON T1,DUDDON T1,SPM
DUTTON GT2 / MOORE GT1 / PERCIVAL LA GT1,DUTTON GT2 / MOORE GT1 / PERCIVAL LA GT1,SPM
DYFFRYN ARDUDWY T1,DYFFRYN ARDUDWY T1,SPM
DYSERTH RD T1 / FFORDD LAS T1 / FFORDD LAS T2 / WESTBOURNE AVE T1,DYSERTH RD T1 / FFORDD LAS T1 / FFORDD LAS T2 / WESTBOURNE AVE T1,SPM
Dalbeattie,DALBEATTIE,SPD
Dalgety,DALGETY,SPD
Dalmarnock,DALMARNOCK,SPD
Dalrymple Drive,DALRYMPLE DRIVE,SPD
Darvel,DARVEL,SPD
David Street,DAVID STREET,SPD
Deans,DEANS,SPD
Deans Close,DEANS CLOSE,SPD
Dedridge,DEDRIDGE,SPD
Denholm,DENHOLM,SPD
Denmark Street,DENMARK STREET,SPD
Devol Moor,DEVOL MOOR,SPD
Devonside,DEVONSIDE,SPD
Dewar Place,DEWAR PLACE,SPD
Dollar,DOLLAR,SPD
Douglas West,DOUGLAS WEST,SPD
Drumchapel,DRUMCHAPEL,SPD
Drumchapel Road,DRUMCHAPEL ROAD,SPD
Drumcross,DRUMCROSS,SPD
Drumley,DRUMLEY,SPD
Dumbarton,DUMBARTON,SPD
Dumfries,DUMFRIES,SPD
Dumfries GSP,DUMFRIES,SPD
Dunbar A,DUNBAR A,SPD
Dunbar B GSP,DUNBAR B,SPD
Dundas Street,DUNDAS STREET,SPD
Dundyvan,DUNDYVAN,SPD
Dunfermline,DUNFERMLINE,SPD
Duns,DUNS,SPD
Dunscore,DUNSCORE,SPD
Durie House,DURIE HOUSE,SPD
EDEN VALE T1,EDEN VALE T1,SPM
EDERN T1,EDERN T1,SPM
EDGE HILL T1 / LIVERPOOL UNIVERSITY T1 / LIVERPOOL UNIVERSITY T2 / LIVERPOOL UNIVERSITY T3,EDGE HILL T1 / LIVERPOOL UNIVERSITY T1 / LIVERPOOL UNIVERSITY T2 / LIVERPOOL UNIVERSITY T3,SPM
EDGE LA (TAPLEY PLACE) T1 / LISTER DV B T3 / MILL LA (WAVERTREE) T1 / PLESSEY (EDGE LA) T1 / STONEYCROFT T1,EDGE LA (TAPLEY PLACE) T1 / LISTER DV B T3 / MILL LA (WAVERTREE) T1 / PLESSEY (EDGE LA) T1 / STONEYCROFT T1,SPM
EGA ELECTRIC T1,EGA ELECTRIC T1,SPM
EGERTON T1 / ROCK FERRY T1 / SHELL TRANMERE T1,EGERTON T1 / ROCK FERRY T1 / SHELL TRANMERE T1,SPM
EGREMONT T1 / LISCARD T1 / POULTON T1 / STONE MANGANESE T1,EGREMONT T1 / LISCARD T1 / POULTON T1 / STONE MANGANESE T1,SPM
ELLESMERE PORT GT2 / INCE LOCAL GT1 / INCE LOCAL GT2,,
ELLESMERE T1 / MMB ELLESMERE T1,ELLESMERE T1 / MMB ELLESMERE T1,SPM
ELTON T1,ELTON T1,SPM
ELWORTH GT1 / ELWORTH GT2 / KNUTSFORD GT1 / KNUTSFORD GT2,ELWORTH GT1 / ELWORTH GT2 / KNUTSFORD GT1 / KNUTSFORD GT2,SPM
ENGINEER PK T1 / PILKINGTONS QUEENSFERRY T1 / QUEENSFERRY T1,ENGINEER PK T1 / PILKINGTONS QUEENSFERRY T1 / QUEENSFERRY T1,SPM
ESTUARY COMMERCE PK T1 / LEEWARD DR T1 / LEEWARD DR T2 / SPEKE HALL RD T1 / SPEKE SKY PK T1,ESTUARY COMMERCE PK T1 / LEEWARD DR T1 / LEEWARD DR T2 / SPEKE HALL RD T1 / SPEKE SKY PK T1,SPM
EVERTON BROW T1 / GARDNERS ROW T1 / SHEIL PK T1,EVERTON BROW T1 / GARDNERS ROW T1 / SHEIL PK T1,SPM
EXPRESS FOODS T1,EXPRESS FOODS T1,SPM
Earls Road,EARLS ROAD,SPD
Earlston,RALSTON,SPD
East Kilbride,EAST KILBRIDE,SPD
East Kilbride South,EAST KILBRIDE SOUTH,SPD
East Linton,EAST LINTON,SPD
East Mains,EAST MAINS,SPD
East Trinity Road,EAST TRINITY ROAD,SPD
Easter Road,EASTER ROAD,SPD
Eastercraigs,EASTERCRAIGS,SPD
Easterhouse,EASTERHOUSE,SPD
Eccles,ECCLES,SPD
Eckford Street,ECKFORD STREET,SPD
Elderslie,ELDERSLIE,SPD
Elizabeth Street,ELIZABETH STREET,SPD
Elliot Street,ELLIOT STREET,SPD
Erskine,ERSKINE,SPD
Erskine GSP,ERSKINE,SPD
Eyemouth,EYEMOUTH,SPD
FAIRBOURNE T1,FAIRBOURNE T1,SPM
FAZAKERLEY HOSPITAL T1 / JACOBS T1 / JACOBS T2 / SEEDS LA T1,FAZAKERLEY HOSPITAL T1 / JACOBS T1 / JACOBS T2 / SEEDS LA T1,SPM
FERODO T1,FERODO T1,SPM
FISONS T1,FISONS T1,SPM
FLINT T1 / FLINT T2,FLINT T1 / FLINT T2,SPM
FODENS T1,FODENS T1,SPM
FORD T1 / OXTON T1 / PRENTON LOCAL T1 / SINGLETON AVE T2,FORD T1 / OXTON T1 / PRENTON LOCAL T1 / SINGLETON AVE T2,SPM
FORDEN T1,FORDEN T1,SPM
FORMBY GT2B / SOUTHPORT GT1 / SOUTHPORT GT2,FORMBY GT2B / SOUTHPORT GT1 / SOUTHPORT GT2,SPM
FOUR CROSSES GT2 / MAENTWROG GT1 / MAENTWROG GT2,FOUR CROSSES GT2 / MAENTWROG GT1 / MAENTWROG GT2,SPM
FOUR CROSSES T1,FOUR CROSSES T1,SPM
FRODSHAM,,
FRODSHAM LOCAL T1,FRODSHAM LOCAL T1,SPM
Fairlie,FAIRLIE,SPD
Falkirk,FALKIRK,SPD
Fauldhead,FAULDHEAD,SPD
Finnieston,FINNIESTON,SPD
Finnock Bog,FINNOCK BOG,SPD
Firhill Road,FIRHILL ROAD,SPD
Flemington Street,FLEMINGTON STREET,SPD
Forgan,FORGAN,SPD
Forth,FORTH,SPD
Forth Street,FORTH STREET,SPD
Foxbar,FOXBAR,SPD
Frankfield,FRANKFIELD,SPD
Frogston Road East,FROGSTON ROAD EAST,SPD
GADBROOK T1,GADBROOK T1,SPM
GAERWEN VIEW T1,GAERWEN VIEW T1,SPM
GARSTON GT2 / SPEKE GT3 / WAVERTREE GT1A,GARSTON GT2 / SPEKE GT3 / WAVERTREE GT1A,SPM
GATEACRE GT1 / HUYTON GT1 / KIRKBY GT3 / PRESCOT GT1A,GATEACRE GT1 / HUYTON GT1 / KIRKBY GT3 / PRESCOT GT1A,SPM
GIGG LA THELWALL T1 / HILLCLIFFE T1 / STOCKTON HEATH T1 / STRETTON IND EST T1,GIGG LA THELWALL T1 / HILLCLIFFE T1 / STOCKTON HEATH T1 / STRETTON IND EST T1,SPM
GILBROOK DOCK T1 / HILL RD T1 / MOBIL OIL (WALLASEY) T1,GILBROOK DOCK T1 / HILL RD T1 / MOBIL OIL (WALLASEY) T1,SPM
GILLMOSS GT1 / KIRKBY GT2 / SIMONSWOOD GT1,GILLMOSS GT1 / KIRKBY GT2 / SIMONSWOOD GT1,SPM
GLAN-YR-AFON T1,GLAN-YR-AFON T1,SPM
GRAIG FAWR T1,,
GRAVEL T1 / WCB PLASTICS T1 / WHARTON T1,GRAVEL T1 / WCB PLASTICS T1 / WHARTON T1,SPM
GREASBY T1 / SAUGHALL MASSIE T1 / UPTON T1,GREASBY T1 / SAUGHALL MASSIE T1 / UPTON T1,SPM
GREAT SANKEY T1 / PENKETH T1 / WIDNES RD T1,GREAT SANKEY T1 / PENKETH T1 / WIDNES RD T1,SPM
GREAT SUTTON T1 / LITTLE SUTTON T1 / STRAWBERRY ROUNDABOUT T1 / SUTTON HALL WWB T1 / WHITBY MAIN T2,GREAT SUTTON T1 / LITTLE SUTTON T1 / STRAWBERRY ROUNDABOUT T1 / SUTTON HALL WWB T1 / WHITBY MAIN T2,SPM
GREENFIELD T1 / GREENFIELD T2,GREENFIELD T1 / GREENFIELD T2,SPM
GROSVENOR ST T1 / LINENHALL ST T1 / NORTHGATE TERRACE T1 / STATION VIEW T1 / TOMULAR PLACE T1,GROSVENOR ST T1 / LINENHALL ST T1 / NORTHGATE TERRACE T1 / STATION VIEW T1 / TOMULAR PLACE T1,SPM
GWERSYLLT T1,GWERSYLLT T1,SPM
Galashiels,GALASHIELS,SPD
Garelochead,GARELOCHHEAD,SPD
Gartarry,GARTARRY,SPD
Gartsherrie,GARTSHERRIE,SPD
Gatehouse,GATEHOUSE,SPD
Gauze Road,GAUZE ROAD,SPD
George Square Lane,GEORGE SQUARE LANE,SPD
Giffnock,GIFFNOCK,SPD
Girthill,GIRTHILL,SPD
Girvan,GIRVAN,SPD
Glenburn,GLENBURN,SPD
Glendinning,,
Glengall,GLENGALL,SPD
Glenluce,GLENLUCE,SPD
Glenniston,GLENNISTON,SPD
Glenrothes,GLENROTHES,SPD
Glenwood,GLENWOOD,SPD
Gordon,GORDON,SPD
Gorgie,GORGIE,SPD
Gorgie GSP,GORGIE,SPD
Govan,GOVAN,SPD
Grangemouth A,GRANGEMOUTH,SPD
Grangemouth C,GRANGEMOUTH,SPD
Grant Street,GRANT STREET,SPD
Granton Park Avenue,GRANTON PARK AVENUE,SPD
Grassyards,GRASSYARDS,SPD
Greenfaulds,GREENFAULDS,SPD
Greenlaw,GREENLAW,SPD
Gretna,GRETNA,SPD
Gylemuir,GYLEMUIR,SPD
HALEWOOD G1B / HALEWOOD G2B / HALEWOOD GT3 / SPEKE GT1A,HALEWOOD G1B / HALEWOOD G2B / HALEWOOD GT3 / SPEKE GT1A,SPM
HALTON RD T1 / MURDISHAW T1 / PERCIVAL LA T4 / RUNCORN CENTRAL T1,HALTON RD T1 / MURDISHAW T1 / PERCIVAL LA T4 / RUNCORN CENTRAL T1,SPM
HARLECH T1,HARLECH T1,SPM
HARRINGTON ST T1 / PARADISE ST T1,HARRINGTON ST T1 / PARADISE ST T1,SPM
HARRINGTON ST T2 / HIGHFIELD ST T1,HARRINGTON ST T2 / HIGHFIELD ST T1,SPM
HARRINGTON ST T3 / LIME ST T1,HARRINGTON ST T3 / LIME ST T1,SPM
HARTFORD GT1 / LOSTOCK GT2 / WINSFORD GT1 / WINSFORD GT2,HARTFORD GT1 / LOSTOCK GT2 / WINSFORD GT1 / WINSFORD GT2,SPM
HARTFORD T1,HARTFORD T1,SPM
HASKAYNE T1,HASKAYNE T1,SPM
HATHERTON T1,HATHERTON T1,SPM
HERONS WAY T1 / LACHE T1 / MBNA T1 / SMFS KINGSMEADOW T1,HERONS WAY T1 / LACHE T1 / MBNA T1 / SMFS KINGSMEADOW T1,SPM
HESWALL GT1 / HOYLAKE GT2 / PRENTON GT3,HESWALL GT1 / HOYLAKE GT2 / PRENTON GRID GT3,SPM
HIGHFIELD ST T2 / LIME ST T2 / OLD HAYMARKET T1,HIGHFIELD ST T2 / LIME ST T2 / OLD HAYMARKET T1,SPM
HOLMES CHAPEL T1,HOLMES CHAPEL T1,SPM
HOLT LA (WARRINGTON RD) T1 / PRESCOT T1 / RAINHILL LOCAL T1 / WHISTON HOSP T1,HOLT LA (WARRINGTON RD) T1 / PRESCOT T1 / RAINHILL LOCAL T1 / WHISTON HOSP T1,SPM
HOLWAY RD T1,HOLWAY RD T1,SPM
HOLYHEAD T1,HOLYHEAD T1,SPM
HOLYWELL GT2 / RHYL GT1 / ST ASAPH GT2 / ST ASAPH GT4,HOLYWELL GT1 / RHYL GT1 / ST ASAPH GT2 / ST ASAPH GT4,SPM
HOLYWELL T1,HOLYWELL T1,SPM
HOOTON MAIN T1,HOOTON MAIN T1,SPM
HUNTS CROSS T1 / KENTON RD T1 / WOODEND AVE T1 / WOOLTON T1,HUNTS CROSS T1 / KENTON RD T1 / WOODEND AVE T1 / WOOLTON T1,SPM
HUYTON HEY RD T1 / WILSON RD T1,HUYTON HEY RD T1 / WILSON RD T1,SPM
Haggs Rd,HAGGS ROAD,SPD
Haggs Road,HAGGS ROAD,SPD
Hamilton,HAMILTON,SPD
Hawick,HAWICK,SPD
Heathfield,HEATHFIELD,SPD
Heathhall,HEATHHALL,SPD
Hecla Avenue,HECLA AVENUE,SPD
Helen Street,HELEN STREET,SPD
Helensburgh,HELENSBURGH,SPD
Henderson Row,HENDERSON ROW,SPD
High Blantyre,HIGH BLANTYRE,SPD
High Mains Milton,HIGH MAINS MILTON,SPD
Horncliffe,HORNCLIFFE,SPD
Hunter,HUNTER,SPD
Hunter Street,HUNTER STREET,SPD
IFTON T1 / IFTON T2,IFTON T1 / IFTON T2,SPM
ILFORDS T1 / KNUTSFORD T1 / MOBBERLEY T1 / RADBROKE HALL T1,ILFORDS T1 / KNUTSFORD T1 / MOBBERLEY T1 / RADBROKE HALL T1,SPM
INCE,,
IVY ST (SOUTHPORT) T1 / KENSINGTON RD T1 / MARKET ST T1 / SOUTHPORT T1,IVY ST (SOUTHPORT) T1 / KENSINGTON RD T1 / MARKET ST T1 / SOUTHPORT T1,SPM
IVY ST T1 / LLYSFAEN RD T1 / OLD MILL T1,IVY ST T1 / LLYSFAEN RD T1 / OLD MILL T1,SPM
Innerleithen,,
Inverkeithing,INVERKEITHING,SPD
Inverkip Road,INVERKIP ROAD,SPD
Irvine,IRVINE,SPD
JOHNSTOWN T1,JOHNSTOWN T1,SPM
Jackton,JACKTON,SPD
Johnstone,JOHNSTONE,SPD
Johnstone GSP,JOHNSTONE,SPD
KELCO T1 / NEWS INTERNATIONAL T1 / NEWS INTERNATIONAL T2 / PALCO T1 / SOUTHDENE T1,KELCO T1 / NEWS INTERNATIONAL T1 / NEWS INTERNATIONAL T2 / PALCO T1 / SOUTHDENE T1 / AINSWORTH LANE T1,SPM
KINGSLAND 33 T1 / SAFEWAY T1 / WOOLSTON T1 / WOOLSTON T2,KINGSLAND 33 T1 / SAFEWAY T1 / WOOLSTON T1 / WOOLSTON T2,SPM
KINNERTON T1,KINNERTON T1,SPM
KIRKBY,KIRKBY,SPM
KIRKBY CENTRAL T1 / NORTHWOOD T1 / TOWER HILL (BANK LA) T1 / WESTVALE T1,KIRKBY CENTRAL T1 / NORTHWOOD T1 / TOWER HILL (BANK LA) T1 / WESTVALE T1,SPM
KNOWSLEY T1 / MARLED HEY T1,KNOWSLEY T1 / MARLED HEY T1,SPM
KNUTSFORD T2,KNUTSFORD T2,SPM
Kaimes,KAIMES,SPD
Kelliebank,KELLIEBANK,SPD
Kelty,KELTY,SPD
Kelvin,KELVIN,SPD
Kelvinside,KELVINSIDE,SPD
Kennishead Avenue,KENNISHEAD AVENUE,SPD
Kilbirnie,KILBIRNIE,SPD
Kilbowie,KILBOWIE,SPD
Kildrum,KILDRUM,SPD
Killermont,KILLERMONT,SPD
Killoch Colliery,KILLOCH COLLIERY,SPD
Kilmacolm,KILMACOLM,SPD
Kilmardinny,KILMARDINNY,SPD
Kilmarnock Main,KILMARNOCK MAIN,SPD
Kilmarnock South,KILMARNOCK SOUTH,SPD
Kilmarnock Town,KILMARNOCK TOWN,SPD
Kilsyth,KILSYTH,SPD
Kilwinning,KILWINNING,SPD
Kings Buildings,KINGS BUILDINGS,SPD
Kings Inch Road,KINGS INCH ROAD,SPD
Kingsknowe Road North,KINGSKNOWE ROAD NORTH,SPD
Kingsland,KINGSLAND,SPD
Kirkbank,KIRKBANK,SPD
Kirkintilloch,KIRKINTILLOCH,SPD
Kirknewton,KIRKNEWTON,SPD
Kirkton,KIRKTON,SPD
LANARK,LANARK,SPD
LCWW HUNTINGTON T1 / LCWW HUNTINGTON T2,LCWW HUNTINGTON T1 / LCWW HUNTINGTON T2,SPM
LEA GREEN T1 / PILKINGTONS HO T1 / RAVENHEAD RETAIL PK T1 / SOMERFIELD DISTRIBUTION T1,PILKINGTONS HO T1 / RAVENHEAD RETAIL PK T1 / SOMERFIELD DISTRIBUTION T1,SPM
LEGACY,LEGACY,SPM
LEGACY LOCAL GT2 / NEWTOWN GT2 / OSWESTRY GT5 / OSWESTRY GT8 / WELSHPOOL GT1 / WHITCHURCH GT1,,
LEGACY LOCAL T1,LEGACY LOCAL T1,SPM
LEIGHTON HOSP T1,LEIGHTON HOSP T1,SPM
LISTER DRIVE,LISTER DRIVE,SPM
LISTER DV B GT3 / SPARLING ST GT1 / WAVERTREE GT2,LISTER DV B GT3 / SPARLING ST GT1 / WAVERTREE GT2,SPM
LITHERLAND GRID B / NORTH SEAFORTH,,
LIVERPOOL RD 33 T1,LIVERPOOL RD 33 T1,SPM
LLAINGOCH T1,LLAINGOCH T1,SPM
LLANARMON T1,LLANARMON T1,SPM
LLANBEDROG T1,LLANBEDROG T1,SPM
LLANBERIS T1,LLANBERIS T1,SPM
LLANDDEUSANT T1,LLANDDEUSANT T1,SPM
LLANDDU QUARRY T1,LLANDDU QUARRY T1,SPM
LLANDEGFAN T1,LLANDEGFAN T1,SPM
LLANDRINIO T1,LLANDRINIO T1,SPM
LLANDUDNO T1 / LLANDUDNO T2,LLANDUDNO T1 / LLANDUDNO T2,SPM
LLANDYFRYDOG T1,LLANDYFRYDOG T1,SPM
LLANDYRNOG T1,LLANDYRNOG T1,SPM
LLANFAELOG T1,LLANFAELOG T1,SPM
LLANFAIR CAEREINION T1,LLANFAIR CAEREINION T1,SPM
LLANFAIR PG T1,LLANFAIR PG T1,SPM
LLANFAIRFECHAN T1,LLANFAIRFECHAN T1,SPM
LLANFROTHEN T1,LLANFROTHEN T1,SPM
LLANFWROG T1 / RUTHIN T1,LLANFWROG T1 / RUTHIN T1,SPM
LLANFYLLIN T1 / LLANFYLLIN T2,LLANFYLLIN T1 / LLANFYLLIN T2,SPM
LLANGAFFO T1,LLANGAFFO T1,SPM
LLANGEFNI IND EST T1 / LLANGEFNI IND EST T2,LLANGEFNI IND EST T1 / LLANGEFNI IND EST T2,SPM
LLANGEFNI T1,LLANGEFNI T1,SPM
LLANGOLLEN T1 / LLANGOLLEN T2,LLANGOLLEN T1 / LLANGOLLEN T2,SPM
LLANIDLOES T1 / LLANIDLOES T2,LLANIDLOES T1 / LLANIDLOES T2,SPM
LLANILAR T1,LLANILAR T1,SPM
LLANRWST T1,LLANRWST T1,SPM
LLANSANNAN T1,LLANSANNAN T1,SPM
LLANSILIN T1,LLANSILIN T1,SPM
LLYNCLYS T1,LLYNCLYS T1,SPM
LORD ST T1 / MARSHSIDE T1 / MULLARDS BALMORAL DV T1 / SOUTHPORT T2,LORD ST T1 / MARSHSIDE T1 / MULLARDS BALMORAL DV T1 / SOUTHPORT T2,SPM
LOSTOCK T1,LOSTOCK T1,SPM
LOSTOCK TRIANGLE T1,LOSTOCK TRIANGLE T1,SPM
LOWER BEBINGTON T1 / NEW FERRY T1 / SPITAL T1 / UNILEVER RESEARCH T1,LOWER BEBINGTON T1 / NEW FERRY T1 / SPITAL T1 / UNILEVER RESEARCH T1,SPM
LUGSDALE T1 / PILK SULLIVAN T1 / PILK SULLIVAN T2 / USAC T1,LUGSDALE T1 / PILK SULLIVAN T1 / PILK SULLIVAN T2 / USAC T1,SPM
LYMM T1 / WHITELEGGS LA T1,LYMM T1 / WHITELEGGS LA T1,SPM
Lady Victoria,LADY VICTORIA,SPD
Langholm,LANGHOLM,SPD
Langlands Street,LANGLANDS STREET,SPD
Langside,LANGSIDE,SPD
Larbert,LARBERT,SPD
Largs,LARGS,SPD
Larkfield,LARKFIELD,SPD
Larkhall,,
Larkhall Town,LARKHALL TOWN,SPD
Lauder,LAUDER,SPD
Leonards Chapel,LEONARDS CHAPEL,SPD
Leslie Street,LESLIE STREET,SPD
Lesmahagow,LESMAHAGOW,SPD
Lethanhill,LETHANHILL,SPD
Leuchars,LEUCHARS,SPD
Leven,LEVEN,SPD
Leven GSP,LEVEN,SPD
Leven Street,LEVEN STREET,SPD
Levenbank,LEVENBANK,SPD
Linlithgow,LINLITHGOW,SPD
Linnmill,LINNMILL,SPD
Linthaugh Road,LINTHAUGH ROAD,SPD
Linthouse,LINTHOUSE,SPD
Linton Lane,LINTON LANE,SPD
Little France,LITTLE FRANCE,SPD
Livingston East,LIVINGSTON EAST,SPD
Loaning,LOANING,SPD
Loanstone,LOANSTONE,SPD
Lochend Quad,LOCHEND QUADRANT,SPD
Lochside,LOCHSIDE,SPD
Lochwinnoch,LOCHWINNOCH,SPD
Lockerbie,LOCKERBIE,SPD
Longannet,LONGANNET,SPD
Lower London Road,LOWER LONDON ROAD,SPD
Lugton,LUGTON,SPD
MACHYNLLETH T1,MACHYNLLETH T1,SPM
MACHYNLLETH T2,MACHYNLLETH T2,SPM
MAELOR CREAMERY T1,MAELOR CREAMERY T1,SPM
MAENTWROG T1,MAENTWROG T1,SPM
MAES-Y-CLAWDD T1,MAES-Y-CLAWDD T1,SPM
MANOD T1,MANOD T1,SPM
MANOR PK T1 / NORTON CHAINS T1,MANOR PK T1 / NORTON CHAINS T1,SPM
MDHB EGERTON DOCK T1 / MDHB EGERTON DOCK T2,MDHB EGERTON DOCK T1 / MDHB EGERTON DOCK T2,SPM
MERE T1,MERE T1,SPM
MIDDLEWICH T1,MIDDLEWICH T1,SPM
MIDPOINT POCHIN WAY T1,MIDPOINT POCHIN WAY T1,SPM
MILFORD T1,MILFORD T1,SPM
MINFFORDD T1 / PARC BRYN CEGIN T1 / PARC BRYN CEGIN T2,MINFFORDD T1 / PARC BRYN CEGIN T1 / PARC BRYN CEGIN T2,SPM
MOCHDRE T1,MOCHDRE T1,SPM
MONA T1,MONA T1,SPM
MONSANTO T1,MONSANTO T1,SPM
MORDA T1,MORDA T1,SPM
MORGANITE CERAMICS T1 / PLYMYARD T2,,
MORRISONS T1,MORRISONS T1,SPM
Manuel,MANUEL,SPD
Markethill,MARKETHILL,SPD
Martin Miller,MARTIN MILLER,SPD
Mauchline,MAUCHLINE,SPD
Maukinfauld Road,MAUKINFAULD ROAD,SPD
Maxwell Street,MAXWELL STREET,SPD
Maxwellton,MAXWELLTON,SPD
Maybole,MAYBOLE,SPD
Maybole GSP,MAYBOLE,SPD
Meadow Road,,
Menstrie,MENSTRIE,SPD
Methilhill,METHILHILL,SPD
Middlebie,MIDDLEBIE,SPD
Mill Street,MILL STREET,SPD
Milliken,MILLIKEN,SPD
Milton,MILTON,SPD
Mitchell Street,MITCHELL STREET,SPD
Moffat,MOFFAT,SPD
Monkton,MONKTON,SPD
Monktonhall,MONKTONHALL,SPD
Morebattle,MOREBATTLE,SPD
Mortonhall,MORTONHALL,SPD
Muckraw,MUCKRAW,SPD
Muirhouse,MUIRHOUSE,SPD
Muirhouse Bank,MUIRHOUSE BANK,SPD
Myothill,MYOTHILL,SPD
Myrtle Road,MYRTLE ROAD,SPD
NANT-Y-GAMAR T1,NANT-Y-GAMAR T1,SPM
NANTWICH T1,NANTWICH T1,SPM
NEVILL ST T1 / OCEAN PLAZA T1 / YORK RD T1,NEVILL ST T1 / OCEAN PLAZA T1 / YORK RD T1,SPM
NEW BRIGHTON T1 / SEAVIEW RD T2 / WALLASEY T1 / WALLASEY VILLAGE T1,NEW BRIGHTON T1 / SEAVIEW RD T2 / WALLASEY T1 / WALLASEY VILLAGE T1,SPM
NEWHALL T1 / NEWHALL T2,NEWHALL T1 / NEWHALL T2,SPM
NORTH WALES PAPER T1 / NORTH WALES PAPER T2 / WOODFIELD AVE T1,NORTH WALES PAPER T1 / NORTH WALES PAPER T2 / WOODFIELD AVE T1,SPM
Neilsland,NEILSLAND,SPD
Netherdale,NETHERDALE,SPD
Nethertown,NETHERTOWN,SPD
New Cumnock,NEW CUMNOCK,SPD
Newarthill,NEWARTHILL,SPD
Newbridge,NEWBRIDGE,SPD
Newburgh,NEWBURGH,SPD
Newcastleton,NEWCASTLETON,SPD
Newhouse,NEWHOUSE,SPD
Newlands,NEWLANDS,SPD
Newmilns,NEWMILNS,SPD
Newton Stewart,NEWTON STEWART,SPD
Newton Stewart GSP,NEWTON STEWART,SPD
Newton Street,NEWTON STREET,SPD
Niddrie,NIDDRIE,SPD
Norham,NORHAM,SPD
North Berwick,NORTH BERWICK,SPD
North Road,NORTH ROAD,SPD
OMEGA T1 / OMEGA T2 / ORION BOULEVARD T1 / NORTH WEST WATER CAMPUS T1 / NORTH WEST WATER CAMPUS T2,,
OPTICAL FIBRES T1 / SHOTWICK T1 / WALBRO T1,OPTICAL FIBRES T1 / SHOTWICK T1 / WALBRO T1,SPM
ORB CL T1 / STONEBRIDGE LA T1 / STONEBRIDGE LA T2,ORB CL T1 / STONEBRIDGE LA T1 / STONEBRIDGE LA T2,SPM
ORFORD T1 / PADGATE T1,ORFORD T1 / PADGATE T1,SPM
OTIS ELEVATOR T1 / ST IVEL FOODS T1,OTIS ELEVATOR T1 / ST IVEL FOODS T1,SPM
OVERTON T1,OVERTON T1,SPM
Oakfield,LARKFIELD,SPD
Ocean Drive,OCEAN DRIVE,SPD
Old Bridge Road,OLD BRIDGE ROAD,SPD
Old Dumbarton Road,OLD DUMBARTON ROAD,SPD
Old Inns,OLD INNS,SPD
Overtown,OVERTOWN,SPD
Oxgangs Road,OXGANGS ROAD,SPD
PALL MALL T1 / LITTLEWOODS T1,,
PANDY T1 / PANDY T2,PANDY T1 / PANDY T2,SPM
PARC CYBI T1 / PARC CYBI T2,PARC CYBI T1 / PARC CYBI T2,SPM
PARC MENAI T1,PARC MENAI T1,SPM
PEBLIC MILLS T1,PEBLIC MILLS T1,SPM
PEN-Y-GROES T1,PEN-Y-GROES T1,SPM
PENMAENMAWR T1,PENMAENMAWR T1,SPM
PENTIR / ST ASAPH,,
PENTRAETH T1,PENTRAETH T1,SPM
PILKINGTONS T1 / PILKINGTONS T2,PILKINGTONS T1 / PILKINGTONS T2,SPM
POINT OF AYR COLLIERY T1,POINT OF AYR COLLIERY T1,SPM
PORTHMADOG T1 / PORTHMADOG T2,PORTHMADOG T1 / PORTHMADOG T2,SPM
PREES T1,PREES T1,SPM
PRENTON GT1 / ROCK FERRY GT1,PRENTON GRID GT1 / ROCK FERRY GT1,SPM
PRIMROSE HALL T1,PRIMROSE HALL T1,SPM
PWLLHELI T1,PWLLHELI T1,SPM
Paddington Place T1 / Paddington Place T2,,
Paisley,PAISLEY,SPD
Park Road,PARK ROAD,SPD
Partick,PARTICK,SPD
Paulville,PAULVILLE,SPD
Pencaitland,PENCAITLAND,SPD
Penicuik,PENICUIK,SPD
Pennywell Road,PENNYWELL ROAD,SPD
Penpont,PENPONT,SPD
Peppercraigs,PEPPERCRAIGS,SPD
Petershill Road,PETERSHILL ROAD,SPD
Pilton Drive West,PILTON DRIVE WEST,SPD
Pinwherry,PINWHERRY,SPD
Pitreavie,PITREAVIE,SPD
Pitteuchar,PITTEUCHAR,SPD
Polkemmet,POLKEMMET,SPD
Polmont,POLMONT,SPD
Poltonhall,POLTONHALL,SPD
Port Dundas,PORT DUNDAS,SPD
Port Glasgow,PORT GLASGOW,SPD
Portobello A,PORTOBELLO,SPD
Portobello B,PORTOBELLO,SPD
Portobello C,PORTOBELLO,SPD
Portobello GSP,PORTOBELLO,SPD
Prestonpans,PRESTONPANS,SPD
Pyramid,PYRAMID,SPD
Queens Drive,QUEENS DRIVE,SPD
Queensway,QUEENSWAY,SPD
RADWAY GREEN T1,RADWAY GREEN T1,SPM
RAF VALLEY T1,,
RAINHILL,RAINHILL,SPM
RAVEN SQUARE T1,RAVEN SQUARE T1,SPM
RAVENHEAD G1A1 / ST HELENS GT1 / WINDLE GT1,RAVENHEAD G1A1 / ST HELENS GT2B / WINDLE GT1,SPM
REFORM ST T1,REFORM ST T1,SPM
RHM FOODS LTD T1,RHM FOODS LTD T1,SPM
RHOSLAN T1,RHOSLAN T1,SPM
RHUDDLAN T1,RHUDDLAN T1,SPM
RHYD-Y-FOEL T1,RHYD-Y-FOEL T1,SPM
RHYDLYDAN T2,RHYDLYDAN T2,SPM
RHYL GT2,,
RINGWAY T1,,
RIVALS T1,RIVALS T1,SPM
ROLLS ROYCE T1 / ROLLS ROYCE T2 / ROLLS ROYCE T3,,
ROSSETT T1,ROSSETT T1,SPM
ROYAL INSURANCE (NEW QUAY) T1 / ROYAL INSURANCE (NEW QUAY) T2,ROYAL INSURANCE (NEW QUAY) T1 / ROYAL INSURANCE (NEW QUAY) T2,SPM
RUABON T1,RUABON T1,SPM
Radnor Park,RADNOR PARK,SPD
Raith,RAITH,SPD
Ralston,RALSTON,SPD
Randolph Lane,RANDOLPH LANE,SPD
Randolph Road,RANDOLPH ROAD,SPD
Rannoch Road,RANNOCH ROAD,SPD
Ravenspark,RAVENSPARK,SPD
Redhouse,REDHOUSE,SPD
Redhouse GSP,REDHOUSE,SPD
Riverside,RIVERSIDE,SPD
Roseburn,ROSEBURN,SPD
Rottenrow,ROTTENROW,SPD
Rottenrow B,ROTTENROW B,SPD
S&N Viewforth,,
SALT UNION,,
SANDBACH T1,SANDBACH T1,SPM
SANKEY BRIDGES GT3 / WARRINGTON GT5,SANKEY BRIDGES GT3 / WARRINGTON GT5,SPM
SEC PRIMARY,,
SHAWBURY T1,SHAWBURY T1,SPM
SMALLWOOD T1,SMALLWOOD T1,SPM
SNOWHILL T1,SNOWHILL T1,SPM
ST ASAPH BUSINESS PK T1,ST ASAPH BUSINESS PK T1,SPM
ST HELENS RD T1,ST HELENS RD T1,SPM
STAPELEY T1,STAPELEY T1,SPM
Saltcoats A,SALTCOATS A,SPD
Saltcoats B,SALTCOATS B,SPD
Saltcoats Main,SALTCOATS MAIN,SPD
Saltney T1,SALTNEY T1,SPM
Sauchie,SAUCHIE,SPD
Saughton Road North,SAUGHTON ROAD NORTH,SPD
Selkirk,SELKIRK,SPD
Shawpark Street,SHAWPARK STREET,SPD
Sherwood,SHERWOOD,SPD
Shotts,SHOTTS,SPD
Shrubhill,SHRUBHILL,SPD
Sighthill,SIGHTHILL,SPD
Sighthill Farm,SIGHTHILL FARM,SPD
Sorbie,SORBIE,SPD
South Gyle,SOUTH GYLE,SPD
South Queensferry,SOUTH QUEENSFERRY,SPD
Southfield,SOUTHFIELD,SPD
Spango,,
Spott Road,SPOTT ROAD,SPD
St Andrews,ST. ANDREWS,SPD
St Andrews Cross,ST. ANDREWS CROSS,SPD
St Boswells,ST. BOSWELLS,SPD
St James Centre,ST. JAMES CENTRE,SPD
St Ninians,ST. NINIANS,SPD
St Vincent Crescent,ST VINCENT CRESCENT,SPD
Stepford,STEPFORD,SPD
Stevenston,STEVENSTON,SPD
Stewarton,STEWARTON,SPD
Stirling,STIRLING,SPD
Stirling GSP,STIRLING,SPD
Stirling University,STIRLING UNIVERSITY,SPD
Stonehouse,STONEHOUSE,SPD
Stranraer,STRANRAER,SPD
Strathaven,STRATHAVEN,SPD
Strathaven GSP,STRATHAVEN,SPD
Strathleven,STRATHLEVEN,SPD
Strathleven GSP,STRATHLEVEN,SPD
TACO PLASTICS T1 / TACO PLASTICS T2 / UNITED PERIPHERALS T1,TACO PLASTICS T1 / TACO PLASTICS T2 / UNITED PERIPHERALS T1,SPM
TARPORLEY T1,TARPORLEY T1,SPM
TARVIN T1,TARVIN T1,SPM
TRAWSFYNYDD,TRAWSFYNYDD,SPM
TRYWERYN T1,TRYWERYN T1,SPM
TWYFORDS T1,TWYFORDS T1,SPM
TYWYN T1,TYWYN T1,SPM
Telford Rd GSP,TELFORD ROAD,SPD
Telford Road,TELFORD ROAD,SPD
Thistle Court,THISTLE COURT,SPD
Tongland 33kV,,
Torness,TORNESS,SPD
Towers Road,TOWERS ROAD,SPD
Townhill,TOWNHILL,SPD
Tranent,TRANENT,SPD
Troon,TROON,SPD
Uddingston,UDDINGSTON,SPD
Underwood,UNDERWOOD,SPD
VAUXHALL NORTH RD T1,,
Virginia Street,VIRGINIA STREET,SPD
WAENFAWR T1,WAENFAWR T1,SPM
WALLASEY GT1 / WALLASEY GT2 / WOODSIDE GT2,WALLASEY GT1 / WALLASEY GT2 / WOODSIDE GT2,SPM
WELSHPOOL T1,WELSHPOOL T1,SPM
WEM EAST T1,WEM EAST T1,SPM
WEM T1,WEM T1,SPM
WERVIN T1,WERVIN T1,SPM
WEST FELTON T1,WEST FELTON T1,SPM
WESTON T1,WESTON T1,SPM
WHEELOCK T1,WHEELOCK T1,SPM
WHITCHURCH T1,WHITCHURCH T1,SPM
WIMPEYS PANT QUARRY T1 / WIMPEYS PANT QUARRY T2,WIMPEYS PANT QUARRY T1 / WIMPEYS PANT QUARRY T2,SPM
WINCHAM T1,WINCHAM T1,SPM
WISTASTON HALL T1,WISTASTON HALL T1,SPM
WRENBURY FRITH T1,WRENBURY FRITH T1,SPM
Waddell Street,WADDELL STREET,SPD
Warout Road,WAROUT ROAD,SPD
Watling Street,WATLING STREET,SPD
Wavertree Boulevard T1 / Wavertree Boulevard T2,,
West Calder,WEST CALDER,SPD
West George St,WEST GEORGE STREET,SPD
West George Street,WEST GEORGE STREET,SPD
West Linton,WEST LINTON,SPD
Westburn Rd GSP,WESTBURN ROAD,SPD
Westburn Road,WESTBURN ROAD,SPD
Westerton,WESTERTON,SPD
Westfield,WESTFIELD,SPD
Westfield Avenue,WESTFIELD AVE,SPD
Westwood,WESTWOOD,SPD
Whitchester,WHITCHESTER,SPD
Whitehouse,WHITEHOUSE,SPD
Whitlawburn,WHITLAWBURN,SPD
Wholeflats,WHOLEFLATS,SPD
William Street,WILLIAM STREET,SPD
Wishaw A,WISHAW,SPD
Wishaw B,WISHAW,SPD
Woodend,WOODEND,SPD
Woodisle,WOODISLE,SPD
Woodside,WOODSIDE,SPD
YOCKINGS GATE T1,YOCKINGS GATE T1,SPM
YSBYTY GLAN CLWYD T1,YSBYTY GLAN CLWYD T1,SPM
Yetholm,YETHOLM,SPD
Yoker Ferry Road,YOKER FERRY ROAD,SPD
Zetland Park,ZETLAND PARK,SPD
