group_name,dfes_substation,match_type,suggestion,licence
ABERDYFI T1,ABERDYFI T1,exact_spm,,SPM
ABERGELE T1 / PENSARN T1,ABERGELE T1 / PENSARN T1,exact_spm,,SPM
ABERSOCH T1,ABERSOCH T1,exact_spm,,SPM
ABERYSTWYTH GT2 / RHYDLYDAN GT1,ABERYSTWYTH GT2 / RHYDLYDAN GT1,exact_spm,,SPM
ABERYSTWYTH T1 / NORTH RD T1 / PARC-Y-LLYN T1 / PARC-Y-LLYN T2 / U C WALES T1,ABERYSTWYTH T1 / NORTH RD T1 / PARC-Y-LLYN T1 / PARC-Y-LLYN T2 / U C WALES T1,exact_spm,,SPM
ACER AVE T1,ACER AVE T1,exact_spm,,SPM
ACORNFIELD RD T1 / DICKINSONS T1 / HAMMOND RD T1 / KODAK T1,ACORNFIELD RD T1 / DICKINSONS T1 / HAMMOND RD T1 / KODAK T1,exact_spm,,SPM
ACTON T1,ACTON T1,exact_spm,,SPM
AIGBURTH VALE T1 / IVY AVE T1 / MATHER AVE T1 / MOSSLEY HILL T1 / WAVERTREE T1,AIGBURTH VALE T1 / IVY AVE T1 / MATHER AVE T1 / MOSSLEY HILL T1 / WAVERTREE T1,exact_spm,,SPM
AINSDALE T1 / PINFOLD LA T1,AINSDALE T1 / PINFOLD LA T1,exact_spm,,SPM
AINTREE GT1 / FORMBY GT2A / LITHERLAND GT1B,AINTREE GT1 / FORMBY GT2A / LITHERLAND GT1B,exact_spm,,SPM
AINTREE GT2 / FAZAKERLEY GT1 / GILLMOSS GT2,AINTREE GT2 / FAZAKERLEY GT1 / GILLMOSS GT2,exact_spm,,SPM
AINTREE LOCAL T1 / OLD ROAN T1 / WANGO LA T1,AINTREE LOCAL T1 / OLD ROAN T1 / WANGO LA T1,exact_spm,,SPM
AIRBUS T1 / BROUGHTON RETAIL PARK T1 / MIXALLOY T1,AIRBUS T1 / BROUGHTON RETAIL PARK T1 / MIXALLOY T1,exact_spm,,SPM
AIRPORT T1 / ALDERWOOD AVE (CROYDE RD) T1 / HAREFIELD RD T1 / METAL BOX (SPEKE) T1,AIRPORT T1 / ALDERWOOD AVE (CROYDE RD) T1 / HAREFIELD RD T1 / METAL BOX (SPEKE) T1,exact_spm,,SPM
ALBERT DOCK T1 / KINGS DOCK T1 / KINGS DOCK T2 / WAPPING T1,ALBERT DOCK T1 / KINGS DOCK T1 / KINGS DOCK T2 / WAPPING T1,exact_spm,,SPM
ALLERTON T1 / ECP WEST-BANKS RD T1 / GARSTON T1 / WEAVER IND EST T1 / YEW TREE RD T1,ALLERTON T1 / ECP WEST-BANKS RD T1 / GARSTON T1 / WEAVER IND EST T1 / YEW TREE RD T1,exact_spm,,SPM
ALMATEX T1 / ST HELENS WWTW T1 / WATERY LA T2,ALMATEX T1 / ST HELENS WWTW T1 / WATERY LA T2 / EX DELTA METALS T1,fuzzy_spm,,SPM
ALMONDS TURN T1 / ATLANTIC COMPLEX T1 / GIRO T1 / MIDLAND BANK T1 / NETHERTON T1,ALMONDS TURN T1 / ATLANTIC COMPLEX T1 / GIRO T1 / MIDLAND BANK T1 / NETHERTON T1,exact_spm,,SPM
ALPOCO T1,ALPOCO T1,exact_spm,,SPM
AMLWCH GT1 / CAERGEILIOG GT1 / CAERGEILIOG GT2,,unmatched,,
AMLWCH T1 / AMLWCH T2,AMLWCH T1 / AMLWCH T2,exact_spm,,SPM
ANDERTON T1,ANDERTON T1,exact_spm,,SPM
APPLETON T1 / HORNSBRIDGE T1 / LUGSDALE T2,APPLETON T1 / HORNSBRIDGE T1 / LUGSDALE T2,exact_spm,,SPM
ARROWE PK HOSP T1 / CHAMPION PLUGS T1 / CHAMPION PLUGS T2 / WOODCHURCH T1,ARROWE PK HOSP T1 / CHAMPION PLUGS T1 / CHAMPION PLUGS T2 / WOODCHURCH T1,exact_spm,,SPM
ARUNDEL T1 / GROVE PK T1 / WAVERTREE VALE T1,ARUNDEL T1 / GROVE PK T1 / WAVERTREE VALE T1,exact_spm,,SPM
ASH RD T1 / KELLOGGS (WREXHAM) T1 / KELLOGGS (WREXHAM) T2,ASH RD T1 / KELLOGGS (WREXHAM) T1 / KELLOGGS (WREXHAM) T2,exact_spm,,SPM
ASSOCIATED LEAD T1 / GREAT BOUGHTON T1 / PIPERS ASH T1,ASSOCIATED LEAD T1 / GREAT BOUGHTON T1 / PIPERS ASH T1,exact_spm,,SPM
ASTMOOR IND EST T1 / MACKAMAX T1 / MERSEY RD T1 / PICOW FARM RD T1,ASTMOOR IND EST T1 / MACKAMAX T1 / MERSEY RD T1 / PICOW FARM RD T1,exact_spm,,SPM
ATHOL ST T1 / CHISENHALE ST T1 / SANDHILLS LA T1,ATHOL ST T1 / CHISENHALE ST T1 / SANDHILLS LA T1,exact_spm,,SPM
AUDLEM T1,AUDLEM T1,exact_spm,,SPM
ABBEYLANDS ROAD,ABBEYLANDS ROAD,exact_spd,,SPD
ABRONHILL,ABRONHILL,exact_spd,,SPD
AIRDRIE,AIRDRIE,exact_spd,,SPD
ALLANBANK,ALLANBANK,exact_spd,,SPD
ALMONDVALE,ALMONDVALE,exact_spd,,SPD
ANNAN,ANNAN,exact_spd,,SPD
ANSTRUTHER,ANSTRUTHER,exact_spd,,SPD
ARCHERHILL ROAD,ARCHERHILL ROAD,exact_spd,,SPD
ARDGOUR DRIVE,ARDGOUR DRIVE,exact_spd,,SPD
ARMADALE,ARMADALE,exact_spd,,SPD
ASHGROVE STREET,ASHGROVE STREET,exact_spd,,SPD
AUCHNEEL,AUCHNEEL,exact_spd,,SPD
AUCHTERMUCHTY,AUCHTERMUCHTY,exact_spd,,SPD
AURS ROAD,AURS ROAD,exact_spd,,SPD
AVENUE END ROAD,AVENUE END ROAD,exact_spd,,SPD
AYR,AYR,exact_spd,,SPD
AYTON,AYTON,exact_spd,,SPD
BALA T1,BALA T1,exact_spm,,SPM
BANASTRE RD T1 / DOVER RD T1 / GRANTHAM CL T1,BANASTRE RD T1 / DOVER RD T1 / GRANTHAM CL T1,exact_spm,,SPM
BANGOR GT2 / CAERNARFON GT2,BANGOR GT2 / CAERNARFON GT2,exact_spm,,SPM
BANGOR HOSP T1 / BANGOR UNIVERSITY T1 / EITHINOG T1 / HIRAEL T1,BANGOR HOSP T1 / BANGOR UNIVERSITY T1 / EITHINOG T1 / HIRAEL T1,exact_spm,,SPM
BARBAULD ST T1 / HORROCKS LA T1 / WARRINGTON CENTRAL T1,BARBAULD ST T1 / HORROCKS LA T1 / WARRINGTON CENTRAL T1,exact_spm,,SPM
BARMOUTH T1,BARMOUTH T1,exact_spm,,SPM
BARNSTON T1 / GAYTON T1 / IRBY T1 / THINGWALL T1,BARNSTON T1 / GAYTON T1 / IRBY T1 / THINGWALL T1,exact_spm,,SPM
BASCHURCH T1,BASCHURCH T1,exact_spm,,SPM
BASS CHARRINGTON T1 / BASS CHARRINGTON T2 / CLIFTON T1 / YKK T1,BASS CHARRINGTON T1 / BASS CHARRINGTON T2 / CLIFTON T1 / YKK T1,exact_spm,,SPM
BATTERSBY LA T1 / RYLANDS ELDON ST T2,BATTERSBY LA T1 / RYLANDS ELDON ST T2,exact_spm,,SPM
BEAUMARIS T1 / BEAUMARIS T2,BEAUMARIS T1 / BEAUMARIS T2,exact_spm,,SPM
BEAUMONT ST T1 / DINGLE VALE T1 / LARK LA T1 / MDHB BRUNSWICK DOCK T1,BEAUMONT ST T1 / DINGLE VALE T1 / LARK LA T1 / MDHB BRUNSWICK DOCK T1,exact_spm,,SPM
BEDBURN DV T1 / BLUEBELL LA T1 / BROOKBRIDGE T1 / ECCLESTON T1,BEDBURN DV T1 / BLUEBELL LA T1 / BROOKBRIDGE T1 / ECCLESTON T1 / IND EST EARLSFIELD T1,fuzzy_spm,,SPM
BEECH ST T1 / LISTER DV B T2,BEECH ST T1 / LISTER DV A T2,fuzzy_spm,,SPM
BEMROSE T1 / CARR LA EAST T1 / LUCAS (FAZAKERLEY) T1 / NORRIS GREEN T1 / WEST DERBY T1,BEMROSE T1 / CARR LA EAST T1 / LUCAS (FAZAKERLEY) T1 / NORRIS GREEN T1 / WEST DERBY T1,exact_spm,,SPM
BENTINCK ST T1 / BENTINCK ST T2 / CHESTER ST (BIRKENHEAD) T1,BENTINCK ST T1 / BENTINCK ST T2 / CHESTER ST T1,fuzzy_spm,,SPM
BERSHAM COLLIERY T1,BERSHAM COLLIERY T1,exact_spm,,SPM
BERSHAM RD T1 / IND COOPE T1 / RHYD BROUGHTON LA T1 / TUTTLE ST T1,BERSHAM RD T1 / IND COOPE T1 / RHYD BROUGHTON LA T1 / TUTTLE ST T1,exact_spm,,SPM
BETHESDA T1,BETHESDA T1,exact_spm,,SPM
BETWS-Y-COED T1,BETWS-Y-COED T1,exact_spm,,SPM
BEWSEY T1 / OWEN ST T1 / RODNEY ST T1 / RYLANDS ELDON ST T1,BEWSEY T1 / OWEN ST T1 / RODNEY ST T1 / RYLANDS ELDON ST T1,exact_spm,,SPM
BIBBYS T1 / INLAND REVENUE OFFICES T1 / REGENT RD T1,BIBBYS T1 / INLAND REVENUE OFFICES T1 / REGENT RD T1,exact_spm,,SPM
BICC HELSBY T1 / BICC HELSBY T2 / MERES EDGE T1,,unmatched,,
BICC HUYTON QUARRY T1 / TARBOCK T1 / WHISTON T1,BICC HUYTON QUARRY T1 / TARBOCK T1 / WHISTON T1,exact_spm,,SPM
BICC WREXHAM T1 / MARCHWIEL T1 / WIE CENTRAL T1,BICC WREXHAM T1 / MARCHWIEL T1 / WIE CENTRAL T1,exact_spm,,SPM
BIRKENHEAD,BIRKENHEAD,exact_spm,,SPM
BIRKENHEAD CENTRAL T1 / SINGLETON AVE T1 / TRANMERE T1,BIRKENHEAD CENTRAL T1 / SINGLETON AVE T1 / TRANMERE T1,exact_spm,,SPM
BLACON T1 / COCOA BARRY T1 / CRANE BANK T1 / KNUTSFORD WAY T1 / TOWER WHARF T1,BLACON T1 / COCOA BARRY T1 / CRANE BANK T1 / KNUTSFORD WAY T1 / TOWER WHARF T1,exact_spm,,SPM
BLAENAU FFESTINIOG T1,BLAENAU FFESTINIOG T1,exact_spm,,SPM
BLAENAU PLASTICS T1 / BLAENAU PLASTICS T2,,unmatched,,
BLUNDELL ST T1 / ROPEWALKS T1 / ST JAMES T1,BLUNDELL ST T1 / ROPEWALKS T1 / ST JAMES T1,exact_spm,,SPM
BLUNDELLSANDS (NORTH) T1 / BLUNDELLSANDS (SOUTH) T1 / CROSBY T1 / KERSHAW AVE T1 / WATERLOO T2,BLUNDELLSANDS (NORTH) T1 / BLUNDELLSANDS (SOUTH) T1 / CROSBY T1 / KERSHAW AVE T1 / WATERLOO T2,exact_spm,,SPM
BODFARI PRODUCERS T1,BODFARI PRODUCERS T1,exact_spm,,SPM
BOLD G4A / PRESCOT GT1B / WIDNES GT1 / WIDNES GT2,BOLD G4A / PRESCOT GT1B / WIDNES GT1 / WIDNES GT2,exact_spm,,SPM
BOLD G4B / RAVENHEAD G1A2 / ST HELENS GT2,BOLD G4B / RAVENHEAD G1A2 / ST HELENS GT2A,fuzzy_spm,,SPM
BOLTON ST T1 / GREEK ST T1 / HPO COPPERAS HILL T1 / OLDHAM PLACE T1,BOLTON ST T1 / GREEK ST T1 / HPO COPPERAS HILL T1 / OLDHAM PLACE T1,exact_spm,,SPM
BOOTLE GRID T1 / KELLOGGS T1 / PACIFIC RD T1 / WASHINGTON ST T1 / WATERLOO T1,BOOTLE GRID T1 / KELLOGGS T1 / PACIFIC RD T1 / WASHINGTON ST T1 / WATERLOO T1,exact_spm,,SPM
BOOTLE GRID T2 / ORRELL MOUNT T1 / SCARISBRICK AVE T1 / TATTON RD T1,BOOTLE GRID T2 / ORRELL MOUNT T1 / SCARISBRICK AVE T1 / TATTON RD T1,exact_spm,,SPM
BOOTLE GT1 / LITHERLAND GT1A,BOOTLE GT1 / LITHERLAND GT1A,exact_spm,,SPM
BOOTLE GT2A / BURLINGTON ST GT1 / LISTER DV A GT2,BOOTLE GT2A / BURLINGTON ST GT1 / LISTER DV A GT2,exact_spm,,SPM
BOTWNNOG T1,BOTWNNOG T1,exact_spm,,SPM
BOULEVARD T1 / CHAPELFORD T1 / HAWLEYS LA T1 / WESTBROOK T1 / WINWICK QUAY T1,BOULEVARD T1 / CHAPELFORD T1 / HAWLEYS LA T1 / WESTBROOK T1 / WINWICK QUAY T1,exact_spm,,SPM
BOW ST T1,BOW ST T1,exact_spm,,SPM
BOWATER CONTAINERS T1 / ELLESMERE PORT LOCAL T1 / HH ROBERTSONS T1 / MOBIL OIL (E PORT) T1 / WHITBY MAIN T1,BOWATER CONTAINERS T1 / ELLESMERE PORT LOCAL T1 / HH ROBERTSONS T1 / MOBIL OIL (E PORT) T1 / WHITBY T1,fuzzy_spm,,SPM
BR STATION T1 / DUCHY RD T1 / ELECTRA WAY T1 / MIDLAND ROLLMAKERS T1A / NORTH WESTERN MILLS T1,BR STATION T1 / DUCHY RD T1 / ELECTRA WAY T1 / MIDLAND ROLLMAKERS T1A / NORTH WESTERN MILLS T1,exact_spm,,SPM
BRAEHEAD PARK PRIMARY,,unmatched,,
BRD T1,BRD T1,exact_spm,,SPM
BRITISH ALUMINIUM LATCHFORD T1 / GREENHALL WHITLEY T1 / LATCHFORD T1 / LATCHFORD T2 / THAMES BOARD MILL T1,BRITISH ALUMINIUM LATCHFORD T1 / GREENHALL WHITLEY T1 / LATCHFORD T1 / LATCHFORD T2,fuzzy_spm,,SPM
BRITISH OXYGEN T1 / WINDLEHURST T1,BRITISH OXYGEN T1 / WINDLEHURST T1,exact_spm,,SPM
BRITISH PIPE ASSOCIATION T1,BRITISH PIPE ASSOCIATION T1,exact_spm,,SPM
BRITISH SIDAC T1 / SHERDLEY RD T1 / ST HELENS LINKWAY T1 / WATERY LA T1,BRITISH SIDAC T1 / SHERDLEY RD T1 / ST HELENS LINKWAY T1 / WATERY LA T1,exact_spm,,SPM
BROADGREEN T1 / CROXTETH T1 / EAST PRESCOT RD (FINCH LA) T1 / KNOTTY ASH T1 / LEYFIELD RD T1,BROADGREEN T1 / CROXTETH T1 / EAST PRESCOT RD (FINCH LA) T1 / KNOTTY ASH T1 / LEYFIELD RD T1,exact_spm,,SPM
BROMBOROUGH GT2 / ELLESMERE PORT GT1 / HOOTON PK GT1A / HOOTON PK GT2A,BROMBOROUGH GT2 / ELLESMERE PORT GT1 / HOOTON PK GT1A / HOOTON PK GT2A,exact_spm,,SPM
BROMBOROUGH GT3 / ROCK FERRY GT2,BROMBOROUGH GT3 / ROCK FERRY GT2,exact_spm,,SPM
BROMFIELD T1 / BROMFIELD T2 / PONTERWYL T1 / RHYD-Y-GOLEU T1 / SYNTHITE T1,BROMFIELD T1 / BROMFIELD T2 / PONTERWYL T1 / RHYD-Y-GOLEU T1 / SYNTHITE T1,exact_spm,,SPM
BROOK LA T1 / MANNINGS LA T1 / NEWTOWN CHESTER T1 / UPTON HEATH T1 / COUNTESS PARK T1,BROOK LA T1 / MANNINGS LA T1 / NEWTOWN CHESTER T1 / UPTON HEATH T1,fuzzy_spm,,SPM
BROOK ST T1 / KINGSWAY TUNNEL T1 / NWWA SANDON DOCK T1 / NWWA SANDON DOCK T2,BROOK ST T1 / KINGSWAY TUNNEL T1 / NWWA SANDON DOCK T1 / NWWA SANDON DOCK T2,exact_spm,,SPM
BRYMBO GT1 / LEGACY LOCAL GT1 / MARCHWIEL GT1 / MARCHWIEL GT2 / WREXHAM GT1,BRYMBO GT1 / LEGACY LOCAL GT1 / MARCHWIEL GT1 / MARCHWIEL GT2 / WREXHAM GT1,exact_spm,,SPM
BRYMBO GT2 / HAWARDEN GT2 / HOLYWELL GT1,BRYMBO GT2 / HAWARDEN GT2 / HOLYWELL GT2,fuzzy_spm,,SPM
BRYN STANLEY T1,,unmatched,,
BUCKINGHAM ST T1 / EVERTON RD T1 / SUBURBAN RD T1,BUCKINGHAM ST T1 / EVERTON RD T1 / SUBURBAN RD T1,exact_spm,,SPM
BUCKLEY T1 / BUCKLEY T2 / BUCKLEY CROSS T1,BUCKLEY T1 / BUCKLEY T2 / BUCKLEY CROSS T1,exact_spm,,SPM
BUILDWAS RD T1 / GEC MARCONI T1 / MORGAN REFRACTORIES T1 / NESTON MAIN T1,BUILDWAS RD T1 / MORGAN REFRACTORIES T1 / NESTON MAIN T1,fuzzy_spm,,SPM
BURLINGTON AVE T1 / FRESHFIELD T1 / MARSH BROWS T1 / SOUTHPORT RD T1,BURLINGTON AVE T1 / FRESHFIELD T1 / MARSH BROWS T1 / SOUTHPORT RD T1,exact_spm,,SPM
BURLINGTON ST GT2 / LISTER DV B GT1 / PARADISE ST GT1,BURLINGTON ST GT2 / LISTER DV B GT1 / PARADISE ST GT1,exact_spm,,SPM
BUTLINS T1 / BUTLINS T2,,unmatched,,
BUTTINGTON CROSS T1,BUTTINGTON CROSS T1,exact_spm,,SPM
BXL BROMBOROUGH T1 / TULIP T1,BXL BROMBOROUGH T1 / TULIP T1,exact_spm,,SPM
BAILLIESTON,BAILLIESTON,exact_spd,,SPD
BAINSFORD,BAINSFORD,exact_spd,,SPD
BAKER STREET,BAKER STREET,exact_spd,,SPD
BALGREEN,BALGREEN,exact_spd,,SPD
BALLOCH,BALLOCH,exact_spd,,SPD
BALMORE,BALMORE,exact_spd,,SPD
BARNTON GROVE,BARNTON GROVE,exact_spd,,SPD
BARNTON QUARRY,BARNTON QUARRY,exact_spd,,SPD
BARRHEAD,BARRHEAD,exact_spd,,SPD
BARRHILL,BARRHILL,exact_spd,,SPD
BARTERHOLM,BARTERHOLM,exact_spd,,SPD
BATHGATE,BATHGATE,exact_spd,,SPD
BELHAVEN FORTH,BELHAVEN FORTH,exact_spd,,SPD
BELHAVEN WEST,BELHAVEN WEST,exact_spd,,SPD
BELLSHILL,,unmatched,,
BERRYHILL ROAD,BERRYHILL ROAD,exact_spd,,SPD
BERWICK,BERWICK,exact_spd,,SPD
BIGGAR & SYMINGTON,,unmatched,,
BIRRELL STREET WYND,BIRRELL STREET WYND,exact_spd,,SPD
BISHOP,BISHOP,exact_spd,,SPD
BISHOPBRIGGS,BISHOPBRIGGS,exact_spd,,SPD
BLACKBURN,BLACKBURN,exact_spd,,SPD
BLACKHALL PACKAGE,BLACKHALL PACKAGE,exact_spd,,SPD
BO'NESS KINNEIL,BONESS KINNEIL,fuzzy_spd,,SPD
BONNINGTON ROAD,BONNINGTON ROAD,exact_spd,,SPD
BONNYBRIDGE,BONNYBRIDGE,exact_spd,,SPD
BOUNDARY STREET,BOUNDARY STREET,exact_spd,,SPD
BOWHILL,BOWHILL,exact_spd,,SPD
BRAIDWOOD,BRAIDWOOD,exact_spd,,SPD
BROXBURN,BROXBURN,exact_spd,,SPD
BROXBURN,BROXBURN,exact_spd,,SPD
BURGHLEE,BURGHLEE,exact_spd,,SPD
BURNBANK,BURNBANK,exact_spd,,SPD
BURNFIELD,BURNFIELD,exact_spd,,SPD
BURNSIDE,BURNSIDE,exact_spd,,SPD
BURNTISLAND,BURNTISLAND,exact_spd,,SPD
BUSH ESTATE,BUSH ESTATE,exact_spd,,SPD
BYREHILL,BYREHILL,exact_spd,,SPD
BYRES ROAD,BYRES ROAD,exact_spd,,SPD
CABLE ST T1 / GRADWELL ST T2 / OLDHAM PLACE T2,CABLE ST T1 / GRADWELL ST T2 / OLDHAM PLACE T2,exact_spm,,SPM
CABLE ST T2 / CROWN COURTS T1 / GRADWELL ST T1,CABLE ST T2 / CROWN COURTS T1 / GRADWELL ST T1,exact_spm,,SPM
CADBURYS KRONOSPAN T1 / CADBURYS KRONOSPAN T2,CADBURYS KRONOSPAN T1 / CADBURYS KRONOSPAN T2,exact_spm,,SPM
CADBURYS T1 / CADBURYS T2 / HOPFIELD RD T1,CADBURYS T1 / CADBURYS T2 / HOPFIELD RD T1,exact_spm,,SPM
CAERGEILIOG T1,CAERGEILIOG T1,exact_spm,,SPM
CAERGWRLE T1,CAERGWRLE T1,exact_spm,,SPM
CAERNARFON T1,CAERNARFON T1,exact_spm,,SPM
CAERSWS T1,CAERSWS T1,exact_spm,,SPM
CALDY T1 / HOYLAKE T1 / MEOLS T1 / WEST KIRBY SOUTH T1,CALDY T1 / HOYLAKE T1 / MEOLS T1 / WEST KIRBY SOUTH T1,exact_spm,,SPM
CALEDONIA BUS DEPOT,CALEDONIA BUS DEPOT,exact_spd,,SPD
CAMMELL LAIRD NORTH T1 / CAMMELL LAIRD SOUTH T1 / CAMMELL LAIRD SOUTH T2,,unmatched,,
CAPENHURST,CAPENHURST,exact_spm,,SPM
CARBORUNDUM T1 / HOUGHTONS LA T1 / RAINFORD T1 / WINDLEHURST T2,CARBORUNDUM T1 / HOUGHTONS LA T1 / RAINFORD T1 / WINDLEHURST T2,exact_spm,,SPM
CARLTON ST T1 / CARLTON ST T2 / CHALON WAY T2,CARLTON ST T1 / CARLTON ST T2 / CHALON WAY T2,exact_spm,,SPM
CARMEL T1,CARMEL T1,exact_spm,,SPM
CARRINGTON / FIDDLERS FERRY,CARRINGTON - FIDDLERS FERRY,fuzzy_spm,,SPM
CASTLE BEESTON ST T1 / HARTFORD T2 / LEICESTER ST T1 / NORTHWICH TOWN T1 / WINNINGTON T1,CASTLE BEESTON ST T1 / HARTFORD T2 / LEICESTER ST T1 / NORTHWICH TOWN T1 / WINNINGTON T1,exact_spm,,SPM
CASTLE CEMENT GT1 / HAWARDEN GT1 / SALTNEY GT1 / SALTNEY G2B,CASTLE CEMENT GT1 / HAWARDEN GT1 / SALTNEY GT1 / SALTNEY G2B,exact_spm,,SPM
CEFN MAWR T1,CEFN MAWR T1,exact_spm,,SPM
CELLARHEAD,CELLARHEAD,exact_spm,,SPM
CEMAES BAY T1,CEMAES BAY T1,exact_spm,,SPM
CEMMAES RD T1,CEMMAES RD T1,exact_spm,,SPM
CEREAL PARTNERS T1 / LEVER GEORGIA AVE T1 / POOL LA T1 / UML LEVER BROMBOROUGH T2,CEREAL PARTNERS T1 / LEVER GEORGIA AVE T1 / POOL LA T1 / UML LEVER BROMBOROUGH T2,exact_spm,,SPM
CHALON WAY T1 / TECHNOLOGY CAMPUS T1 / WOODVILLE ST T1,CHALON WAY T1 / TECHNOLOGY CAMPUS T1 / WOODVILLE ST T1,exact_spm,,SPM
CHESHIRE GREEN T1 / NWF T1,CHESHIRE GREEN T1 / NWF T1,exact_spm,,SPM
CHESTER GATES T1 / UNILEVER DUNKIRK T1,CHESTER GATES T1 / UNILEVER DUNKIRK T1,exact_spm,,SPM
CHESTER MAIN GT4 / CRANE BANK GT1 / GUILDEN SUTTON GT1 / SALTNEY G2A,CHESTER MAIN GT4 / CRANE BANK GT1 / GUILDEN SUTTON GT1 / SALTNEY G2A,exact_spm,,SPM
CHESTER ST (WREXHAM) T1 / EAGLES MEADOW T1 / RHOSNESNI T1 / WHITEGATE T1,CHESTER ST (WREXHAM) T1 / EAGLES MEADOW T1 / RHOSNESNI T1 / WHITEGATE T1,exact_spm,,SPM
CHILDWALL T1 / CHILDWALL FIVEWAYS T1 / LYNDENE RD T1 / MIDDLEMASS HEY T1 / NAYLORS RD T1,CHILDWALL T1 / CHILDWALL FIVEWAYS T1 / LYNDENE RD T1 / MIDDLEMASS HEY T1 / NAYLORS RD T1,exact_spm,,SPM
CHOWLEY T1 / CHOWLEY T2,CHOWLEY T1 / CHOWLEY T2,exact_spm,,SPM
CHURCH LA T1 / NANT HALL T1 / PRESTATYN T1,CHURCH LA T1 / NANT HALL T1 / PRESTATYN T1,exact_spm,,SPM
CHURCH LAWTON T1,CHURCH LAWTON T1,exact_spm,,SPM
CHURCH ST WINSFORD T1 / OVER T1 / WHARTON PK T1 / WOODFORD PK T1,CHURCH ST WINSFORD T1 / OVER T1 / WHARTON PK T1 / WOODFORD PK T1,exact_spm,,SPM
CIVIC CENTRE T1 / CLAUGHTON AVE T1 / ELECTRICITY ST T1,,unmatched,,
CLEDFORD T1,CLEDFORD T1,exact_spm,,SPM
CLOCKFACE T1 / GEC ST HELENS T1 / HILLS MOSS T1 / NCB SUTTON MANOR T2,CLOCKFACE T1 / GEC ST HELENS T1 / HILLS MOSS T1 / NCB SUTTON MANOR T2,exact_spm,,SPM
CLUBMOOR T1 / DUNLOPS WALTON T1 / WALTON T1,CLUBMOOR T1 / DUNLOPS WALTON T1 / WALTON T2,fuzzy_spm,,SPM
CLUBMOOR T2 / LISTER DV A T1 / SUBURBAN RD T2,CLUBMOOR T2 / LISTER DV A T1 / SUBURBAN RD T2,exact_spm,,SPM
COEDPOETH T1 / COEDPOETH T2,COEDPOETH T1 / COEDPOETH T2,exact_spm,,SPM
COLWYN BAY GT1 / COLWYN BAY GT2 / DOLGARROG GT2,COLWYN BAY GT1 / COLWYN BAY GT2 / DOLGARROG GT2,exact_spm,,SPM
COLWYN BAY T1 / COLWYN BAY T2 / RHOS-ON-SEA T1,COLWYN BAY T1 / COLWYN BAY T2 / RHOS-ON-SEA T1,exact_spm,,SPM
CONEY GREEN T1 / OSWESTRY T2 / OSWESTRY T1,CONEY GREEN T1 / OSWESTRY T2 / OSWESTRY T1,exact_spm,,SPM
CONIX T1 / CONIX T2 / MEDEVA T1,CONIX T1 / CONIX T2 / MEDEVA T1,exact_spm,,SPM
CONNAHS QUAY LOCAL T1 / CONNAHS QUAY LOCAL T2 / HAWARDEN T1 / KING GEORGE ST T1,CONNAHS QUAY LOCAL T1 / CONNAHS QUAY LOCAL T2 / HAWARDEN T1 / KING GEORGE ST T1,exact_spm,,SPM
CONNAHS QUAY T1 / T2,,unmatched,,
CONWY T1 / DEGANWY T1 / LLANDUDNO JUNCTION T1,CONWY T1 / DEGANWY T1 / LLANDUDNO JUNCTION T1,exact_spm,,SPM
COPPENHALL GT1 / CREWE GT4A,,unmatched,,
CORWEN T1,CORWEN T1,exact_spm,,SPM
CREWE GT1 / CREWE GT2A / RADWAY GREEN GT1 / RADWAY GREEN GT2 / WHITCHURCH GT2,COPPENHALL GT1 / CREWE GT1 / CREWE GT2A / CREWE GT4A / RADWAY GREEN GT1 / RADWAY GREEN GT2 / WHITCHURCH GT2,fuzzy_spm,,SPM
CREWE T1,CREWE T1,exact_spm,,SPM
CRIGGION RADIO STATION T1,CRIGGION RADIO STATION T1,exact_spm,,SPM
CROSSFIELDS T1 / CROSSFIELDS T2 / LEVERS CROSSFIELDS T3 / GATEWARTH SEWAGE T1,CROSSFIELDS T1 / CROSSFIELDS T2 / LEVERS CROSSFIELDS T3 / GATEWARTH SEWAGE T1,exact_spm,,SPM
CROWTON T1,CROWTON T1,exact_spm,,SPM
CWM DYLI T1,CWM DYLI T1,exact_spm,,SPM
CADDLEHILL,CADDLEHILL,exact_spd,,SPD
CALAIS 1,CALAIS 1,exact_spd,,SPD
CALAIS 2,CALAIS 2,exact_spd,,SPD
CALLENDAR,CALLENDAR,exact_spd,,SPD
CAMBUSLANG,CAMBUSLANG,exact_spd,,SPD
CAMELON,CAMELON,exact_spd,,SPD
CAMERON,CAMERON,exact_spd,,SPD
CARDONALD,CARDONALD,exact_spd,,SPD
CARFIN,CARFIN,exact_spd,,SPD
CARGENBRIDGE,CARGENBRIDGE,exact_spd,,SPD
CARMUNNOCK ROAD,CARMUNNOCK ROAD,exact_spd,,SPD
CARNTYNE,CARNTYNE,exact_spd,,SPD
CARRON,CARRON,exact_spd,,SPD
CARRUTHERSTOWN,CARRUTHERSTOWN,exact_spd,,SPD
CASTLANDHILL,CASTLANDHILL,exact_spd,,SPD
CASTLE,CASTLE,exact_spd,,SPD
CASTLE DOUGLAS,CASTLE DOUGLAS,exact_spd,,SPD
CASTLEMILK,CASTLEMILK,exact_spd,,SPD
CHAPEL,CHAPEL,exact_spd,,SPD
CHAPELCROSS,CHAPELCROSS,exact_spd,,SPD
CHAPELHALL,CHAPELHALL,exact_spd,,SPD
CHARLES STREET,CHARLES STREET,exact_spd,,SPD
CHARLOTTE ST,CHARLOTTE STREET,fuzzy_spd,,SPD
CHIRNSIDE,CHIRNSIDE,exact_spd,,SPD
CLARK WAY,CLARK WAY,exact_spd,,SPD
CLARKSTON,CLARKSTON,exact_spd,,SPD
CLUNY ROAD,CLUNY ROAD,exact_spd,,SPD
CLYDEBANK BUSINESS PARK,CLYDEBANK BUSINESS PARK,exact_spd,,SPD
COATBRIDGE,COATBRIDGE,exact_spd,,SPD
COATS STREET,COATS STREET,exact_spd,,SPD
COCKENZIE,COCKENZIE,exact_spd,,SPD
CODDINGTON CRESCENT,CODDINGTON CRES,fuzzy_spd,,SPD
COLDSTREAM,COLDSTREAM,exact_spd,,SPD
COLINSBURGH,COLINSBURGH,exact_spd,,SPD
COLINTON NORTH,COLINTON NORTH,exact_spd,,SPD
COLLEGE MILTON,COLLEGE MILTON,exact_spd,,SPD
COLLYDENE,COLLYDENE,exact_spd,,SPD
COLQUHOUN STREET,COLQUHOUN STREET,exact_spd,,SPD
COMMERCIAL ROAD,COMMERCIAL ROAD,exact_spd,,SPD
COMMON FARM,COMMON FARM,exact_spd,,SPD
CONDORRAT,CONDORRAT,exact_spd,,SPD
CONSETT STREET,CONSETT STREET,exact_spd,,SPD
CORRA LINN,CORRA LINN,exact_spd,,SPD
COUSLAND,COUSLAND,exact_spd,,SPD
COWDENBEATH,COWDENBEATH,exact_spd,,SPD
COWGATE,COWGATE,exact_spd,,SPD
COYLTON,COYLTON,exact_spd,,SPD
CRAIGDHU ROAD,CRAIGDHU ROAD,exact_spd,,SPD
CRAIGENDORAN,CRAIGENDORAN,exact_spd,,SPD
CRAIGNEUK,CRAIGNEUK,exact_spd,,SPD
CREETOWN,CREETOWN,exact_spd,,SPD
CRONBERRY,CRONBERRY,exact_spd,,SPD
CROOKSTON,CROOKSTON,exact_spd,,SPD
CROOKSTON A,CROOKSTON A,exact_spd,,SPD
CROOKSTON B,CROOKSTON B,exact_spd,,SPD
CUMBERNAULD,CUMBERNAULD,exact_spd,,SPD
CUMNOCK,CUMNOCK,exact_spd,,SPD
CUPAR,CUPAR,exact_spd,,SPD
CUPAR,CUPAR,exact_spd,,SPD
CURRIE,CURRIE,exact_spd,,SPD
DAILY POST & ECHO T1 / DAILY POST & ECHO T2,DAILY POST & ECHO T1 / DAILY POST & ECHO T2,exact_spm,,SPM
DALLAM GT1 / SANKEY BRIDGES GT1 / WARRINGTON GT3,DALLAM GT1 / SANKEY BRIDGES GT1 / WARRINGTON GT3,exact_spm,,SPM
DARESBURY NPL T1 / DARESBURY PK T1,,unmatched,,
DAVY WAY T1 / LLAY T1,DAVY WAY T1 / LLAY T1,exact_spm,,SPM
DEESIDE ALUMINIUM T1 / DUNLOP PLASTICS T1 / FIRESTONE T1 / TETRAPAK T1,DEESIDE ALUMINIUM T1 / DUNLOP PLASTICS T1 / FIRESTONE T1 / TETRAPAK T1,exact_spm,,SPM
DEESIDE IND PK T1 / DEESIDE IND PK 6TH AVE T1 / RAF SEALAND T1,DEESIDE IND PK T1 / DEESIDE IND PK 6TH AVE T1 / RAF SEALAND T1,exact_spm,,SPM
DEESIDE PK GT1 / SIXTH AVE GT1,DEESIDE PK GRID GT1 / SIXTH AVE GRID GT1,fuzzy_spm,,SPM
DELAMORE ST T1 / KIRKDALE T1 / WALTON T2,DELAMORE ST T1 / KIRKDALE T1 / WALTON T1,fuzzy_spm,,SPM
DENBIGH T1,,unmatched,,
DESOTO RD T1 / MERSEY BRIDGE T1 / PITT ST T1,DESOTO RD T1 / MERSEY BRIDGE T1 / PITT ST T1,exact_spm,,SPM
DIBBINSDALE T1 / PLYMYARD T1 / WIBP HARDKNOTT RD T1,DIBBINSDALE T1 / PLYMYARD T1 / WIBP HARDKNOTT RD T1,exact_spm,,SPM
DINGLE T1 / GRANBY T1 / ST JAMES T2,DINGLE T1 / GRANBY T1 / ST JAMES T2,exact_spm,,SPM
DITTON T1 / GAVIN RD T1 / HOUGH GREEN T1 / RTZ T1,DITTON T1 / GAVIN RD T1 / HOUGH GREEN T1 / RTZ T1,exact_spm,,SPM
DODDS LA T1 / HOLBORN HILL T1 / MAGHULL T1 / MAGHULL T2 / ROBBINS BRIDGE T1,DODDS LA T1 / HOLBORN HILL T1 / MAGHULL T1 / MAGHULL T2 / ROBBINS BRIDGE T1,exact_spm,,SPM
DOLGARROG T1 / DOLGARROG T2,DOLGARROG T1 / DOLGARROG T2,exact_spm,,SPM
DOLGELLAU T1,DOLGELLAU T1,exact_spm,,SPM
DUCKINGTON T1 / DUCKINGTON T2,DUCKINGTON T1 / DUCKINGTON T2,exact_spm,,SPM
DUDDON T1,DUDDON T1,exact_spm,,SPM
DUTTON GT2 / MOORE GT1 / PERCIVAL LA GT1,DUTTON GT2 / MOORE GT1 / PERCIVAL LA GT1,exact_spm,,SPM
DYFFRYN ARDUDWY T1,DYFFRYN ARDUDWY T1,exact_spm,,SPM
DYSERTH RD T1 / FFORDD LAS T1 / FFORDD LAS T2 / WESTBOURNE AVE T1,DYSERTH RD T1 / FFORDD LAS T1 / FFORDD LAS T2 / WESTBOURNE AVE T1,exact_spm,,SPM
DALBEATTIE,DALBEATTIE,exact_spd,,SPD
DALGETY,DALGETY,exact_spd,,SPD
DALMARNOCK,DALMARNOCK,exact_spd,,SPD
DALRYMPLE DRIVE,DALRYMPLE DRIVE,exact_spd,,SPD
DARVEL,DARVEL,exact_spd,,SPD
DAVID STREET,DAVID STREET,exact_spd,,SPD
DEANS,DEANS,exact_spd,,SPD
DEANS CLOSE,DEANS CLOSE,exact_spd,,SPD
DEDRIDGE,DEDRIDGE,exact_spd,,SPD
DENHOLM,DENHOLM,exact_spd,,SPD
DENMARK STREET,DENMARK STREET,exact_spd,,SPD
DEVOL MOOR,DEVOL MOOR,exact_spd,,SPD
DEVONSIDE,DEVONSIDE,exact_spd,,SPD
DEWAR PLACE,DEWAR PLACE,exact_spd,,SPD
DOLLAR,DOLLAR,exact_spd,,SPD
DOUGLAS WEST,DOUGLAS WEST,exact_spd,,SPD
DRUMCHAPEL,DRUMCHAPEL,exact_spd,,SPD
DRUMCHAPEL ROAD,DRUMCHAPEL ROAD,exact_spd,,SPD
DRUMCROSS,DRUMCROSS,exact_spd,,SPD
DRUMLEY,DRUMLEY,exact_spd,,SPD
DUMBARTON,DUMBARTON,exact_spd,,SPD
DUMFRIES,DUMFRIES,exact_spd,,SPD
DUMFRIES,DUMFRIES,exact_spd,,SPD
DUNBAR A,DUNBAR A,exact_spd,,SPD
DUNBAR B,DUNBAR B,exact_spd,,SPD
DUNDAS STREET,DUNDAS STREET,exact_spd,,SPD
DUNDYVAN,DUNDYVAN,exact_spd,,SPD
DUNFERMLINE,DUNFERMLINE,exact_spd,,SPD
DUNS,DUNS,exact_spd,,SPD
DUNSCORE,DUNSCORE,exact_spd,,SPD
DURIE HOUSE,DURIE HOUSE,exact_spd,,SPD
EDEN VALE T1,EDEN VALE T1,exact_spm,,SPM
EDERN T1,EDERN T1,exact_spm,,SPM
EDGE HILL T1 / LIVERPOOL UNIVERSITY T1 / LIVERPOOL UNIVERSITY T2 / LIVERPOOL UNIVERSITY T3,EDGE HILL T1 / LIVERPOOL UNIVERSITY T1 / LIVERPOOL UNIVERSITY T2 / LIVERPOOL UNIVERSITY T3,exact_spm,,SPM
EDGE LA (TAPLEY PLACE) T1 / LISTER DV B T3 / MILL LA (WAVERTREE) T1 / PLESSEY (EDGE LA) T1 / STONEYCROFT T1,EDGE LA (TAPLEY PLACE) T1 / LISTER DV B T3 / MILL LA (WAVERTREE) T1 / PLESSEY (EDGE LA) T1 / STONEYCROFT T1,exact_spm,,SPM
EGA ELECTRIC T1,EGA ELECTRIC T1,exact_spm,,SPM
EGERTON T1 / ROCK FERRY T1 / SHELL TRANMERE T1,EGERTON T1 / ROCK FERRY T1 / SHELL TRANMERE T1,exact_spm,,SPM
EGREMONT T1 / LISCARD T1 / POULTON T1 / STONE MANGANESE T1,EGREMONT T1 / LISCARD T1 / POULTON T1 / STONE MANGANESE T1,exact_spm,,SPM
ELLESMERE PORT GT2 / INCE LOCAL GT1 / INCE LOCAL GT2,,unmatched,,
ELLESMERE T1 / MMB ELLESMERE T1,ELLESMERE T1 / MMB ELLESMERE T1,exact_spm,,SPM
ELTON T1,ELTON T1,exact_spm,,SPM
ELWORTH GT1 / ELWORTH GT2 / KNUTSFORD GT1 / KNUTSFORD GT2,ELWORTH GT1 / ELWORTH GT2 / KNUTSFORD GT1 / KNUTSFORD GT2,exact_spm,,SPM
ENGINEER PK T1 / PILKINGTONS QUEENSFERRY T1 / QUEENSFERRY T1,ENGINEER PK T1 / PILKINGTONS QUEENSFERRY T1 / QUEENSFERRY T1,exact_spm,,SPM
ESTUARY COMMERCE PK T1 / LEEWARD DR T1 / LEEWARD DR T2 / SPEKE HALL RD T1 / SPEKE SKY PK T1,ESTUARY COMMERCE PK T1 / LEEWARD DR T1 / LEEWARD DR T2 / SPEKE HALL RD T1 / SPEKE SKY PK T1,exact_spm,,SPM
EVERTON BROW T1 / GARDNERS ROW T1 / SHEIL PK T1,EVERTON BROW T1 / GARDNERS ROW T1 / SHEIL PK T1,exact_spm,,SPM
EXPRESS FOODS T1,EXPRESS FOODS T1,exact_spm,,SPM
EARLS ROAD,EARLS ROAD,exact_spd,,SPD
EARLSTON,RALSTON,fuzzy_spd,,SPD
EAST KILBRIDE,EAST KILBRIDE,exact_spd,,SPD
EAST KILBRIDE SOUTH,EAST KILBRIDE SOUTH,exact_spd,,SPD
EAST LINTON,EAST LINTON,exact_spd,,SPD
EAST MAINS,EAST MAINS,exact_spd,,SPD
EAST TRINITY ROAD,EAST TRINITY ROAD,exact_spd,,SPD
EASTER ROAD,EASTER ROAD,exact_spd,,SPD
EASTERCRAIGS,EASTERCRAIGS,exact_spd,,SPD
EASTERHOUSE,EASTERHOUSE,exact_spd,,SPD
ECCLES,ECCLES,exact_spd,,SPD
ECKFORD STREET,ECKFORD STREET,exact_spd,,SPD
ELDERSLIE,ELDERSLIE,exact_spd,,SPD
ELIZABETH STREET,ELIZABETH STREET,exact_spd,,SPD
ELLIOT STREET,ELLIOT STREET,exact_spd,,SPD
ERSKINE,ERSKINE,exact_spd,,SPD
ERSKINE,ERSKINE,exact_spd,,SPD
EYEMOUTH,EYEMOUTH,exact_spd,,SPD
FAIRBOURNE T1,FAIRBOURNE T1,exact_spm,,SPM
FAZAKERLEY HOSPITAL T1 / JACOBS T1 / JACOBS T2 / SEEDS LA T1,FAZAKERLEY HOSPITAL T1 / JACOBS T1 / JACOBS T2 / SEEDS LA T1,exact_spm,,SPM
FERODO T1,FERODO T1,exact_spm,,SPM
FISONS T1,FISONS T1,exact_spm,,SPM
FLINT T1 / FLINT T2,FLINT T1 / FLINT T2,exact_spm,,SPM
FODENS T1,FODENS T1,exact_spm,,SPM
FORD T1 / OXTON T1 / PRENTON LOCAL T1 / SINGLETON AVE T2,FORD T1 / OXTON T1 / PRENTON LOCAL T1 / SINGLETON AVE T2,exact_spm,,SPM
FORDEN T1,FORDEN T1,exact_spm,,SPM
FORMBY GT2B / SOUTHPORT GT1 / SOUTHPORT GT2,FORMBY GT2B / SOUTHPORT GT1 / SOUTHPORT GT2,exact_spm,,SPM
FOUR CROSSES GT2 / MAENTWROG GT1 / MAENTWROG GT2,FOUR CROSSES GT2 / MAENTWROG GT1 / MAENTWROG GT2,exact_spm,,SPM
FOUR CROSSES T1,FOUR CROSSES T1,exact_spm,,SPM
FRODSHAM,,unmatched,,
FRODSHAM LOCAL T1,FRODSHAM LOCAL T1,exact_spm,,SPM
FAIRLIE,FAIRLIE,exact_spd,,SPD
FALKIRK,FALKIRK,exact_spd,,SPD
FAULDHEAD,FAULDHEAD,exact_spd,,SPD
FINNIESTON,FINNIESTON,exact_spd,,SPD
FINNOCK BOG,FINNOCK BOG,exact_spd,,SPD
FIRHILL ROAD,FIRHILL ROAD,exact_spd,,SPD
FLEMINGTON STREET,FLEMINGTON STREET,exact_spd,,SPD
FORGAN,FORGAN,exact_spd,,SPD
FORTH,FORTH,exact_spd,,SPD
FORTH STREET,FORTH STREET,exact_spd,,SPD
FOXBAR,FOXBAR,exact_spd,,SPD
FRANKFIELD,FRANKFIELD,exact_spd,,SPD
FROGSTON ROAD EAST,FROGSTON ROAD EAST,exact_spd,,SPD
GADBROOK T1,GADBROOK T1,exact_spm,,SPM
GAERWEN VIEW T1,GAERWEN VIEW T1,exact_spm,,SPM
GARSTON GT2 / SPEKE GT3 / WAVERTREE GT1A,GARSTON GT2 / SPEKE GT3 / WAVERTREE GT1A,exact_spm,,SPM
GATEACRE GT1 / HUYTON GT1 / KIRKBY GT3 / PRESCOT GT1A,GATEACRE GT1 / HUYTON GT1 / KIRKBY GT3 / PRESCOT GT1A,exact_spm,,SPM
GIGG LA THELWALL T1 / HILLCLIFFE T1 / STOCKTON HEATH T1 / STRETTON IND EST T1,GIGG LA THELWALL T1 / HILLCLIFFE T1 / STOCKTON HEATH T1 / STRETTON IND EST T1,exact_spm,,SPM
GILBROOK DOCK T1 / HILL RD T1 / MOBIL OIL (WALLASEY) T1,GILBROOK DOCK T1 / HILL RD T1 / MOBIL OIL (WALLASEY) T1,exact_spm,,SPM
GILLMOSS GT1 / KIRKBY GT2 / SIMONSWOOD GT1,GILLMOSS GT1 / KIRKBY GT2 / SIMONSWOOD GT1,exact_spm,,SPM
GLAN-YR-AFON T1,GLAN-YR-AFON T1,exact_spm,,SPM
GRAIG FAWR T1,,unmatched,,
GRAVEL T1 / WCB PLASTICS T1 / WHARTON T1,GRAVEL T1 / WCB PLASTICS T1 / WHARTON T1,exact_spm,,SPM
GREASBY T1 / SAUGHALL MASSIE T1 / UPTON T1,GREASBY T1 / SAUGHALL MASSIE T1 / UPTON T1,exact_spm,,SPM
GREAT SANKEY T1 / PENKETH T1 / WIDNES RD T1,GREAT SANKEY T1 / PENKETH T1 / WIDNES RD T1,exact_spm,,SPM
GREAT SUTTON T1 / LITTLE SUTTON T1 / STRAWBERRY ROUNDABOUT T1 / SUTTON HALL WWB T1 / WHITBY MAIN T2,GREAT SUTTON T1 / LITTLE SUTTON T1 / STRAWBERRY ROUNDABOUT T1 / SUTTON HALL WWB T1 / WHITBY MAIN T2,exact_spm,,SPM
GREENFIELD T1 / GREENFIELD T2,GREENFIELD T1 / GREENFIELD T2,exact_spm,,SPM
GROSVENOR ST T1 / LINENHALL ST T1 / NORTHGATE TERRACE T1 / STATION VIEW T1 / TOMULAR PLACE T1,GROSVENOR ST T1 / LINENHALL ST T1 / NORTHGATE TERRACE T1 / STATION VIEW T1 / TOMULAR PLACE T1,exact_spm,,SPM
GWERSYLLT T1,GWERSYLLT T1,exact_spm,,SPM
GALASHIELS,GALASHIELS,exact_spd,,SPD
GARELOCHEAD,GARELOCHHEAD,fuzzy_spd,,SPD
GARTARRY,GARTARRY,exact_spd,,SPD
GARTSHERRIE,GARTSHERRIE,exact_spd,,SPD
GATEHOUSE,GATEHOUSE,exact_spd,,SPD
GAUZE ROAD,GAUZE ROAD,exact_spd,,SPD
GEORGE SQUARE LANE,GEORGE SQUARE LANE,exact_spd,,SPD
GIFFNOCK,GIFFNOCK,exact_spd,,SPD
GIRTHILL,GIRTHILL,exact_spd,,SPD
GIRVAN,GIRVAN,exact_spd,,SPD
GLENBURN,GLENBURN,exact_spd,,SPD
GLENDINNING,,unmatched,,
GLENGALL,GLENGALL,exact_spd,,SPD
GLENLUCE,GLENLUCE,exact_spd,,SPD
GLENNISTON,GLENNISTON,exact_spd,,SPD
GLENROTHES,GLENROTHES,exact_spd,,SPD
GLENWOOD,GLENWOOD,exact_spd,,SPD
GORDON,GORDON,exact_spd,,SPD
GORGIE,GORGIE,exact_spd,,SPD
GORGIE,GORGIE,exact_spd,,SPD
GOVAN,GOVAN,exact_spd,,SPD
GRANGEMOUTH A,GRANGEMOUTH,fuzzy_spd,,SPD
GRANGEMOUTH C,GRANGEMOUTH,fuzzy_spd,,SPD
GRANT STREET,GRANT STREET,exact_spd,,SPD
GRANTON PARK AVENUE,GRANTON PARK AVENUE,exact_spd,,SPD
GRASSYARDS,GRASSYARDS,exact_spd,,SPD
GREENFAULDS,GREENFAULDS,exact_spd,,SPD
GREENLAW,GREENLAW,exact_spd,,SPD
GRETNA,GRETNA,exact_spd,,SPD
GYLEMUIR,GYLEMUIR,exact_spd,,SPD
HALEWOOD G1B / HALEWOOD G2B / HALEWOOD GT3 / SPEKE GT1A,HALEWOOD G1B / HALEWOOD G2B / HALEWOOD GT3 / SPEKE GT1A,exact_spm,,SPM
HALTON RD T1 / MURDISHAW T1 / PERCIVAL LA T4 / RUNCORN CENTRAL T1,HALTON RD T1 / MURDISHAW T1 / PERCIVAL LA T4 / RUNCORN CENTRAL T1,exact_spm,,SPM
HARLECH T1,HARLECH T1,exact_spm,,SPM
HARRINGTON ST T1 / PARADISE ST T1,HARRINGTON ST T1 / PARADISE ST T1,exact_spm,,SPM
HARRINGTON ST T2 / HIGHFIELD ST T1,HARRINGTON ST T2 / HIGHFIELD ST T1,exact_spm,,SPM
HARRINGTON ST T3 / LIME ST T1,HARRINGTON ST T3 / LIME ST T1,exact_spm,,SPM
HARTFORD GT1 / LOSTOCK GT2 / WINSFORD GT1 / WINSFORD GT2,HARTFORD GT1 / LOSTOCK GT2 / WINSFORD GT1 / WINSFORD GT2,exact_spm,,SPM
HARTFORD T1,HARTFORD T1,exact_spm,,SPM
HASKAYNE T1,HASKAYNE T1,exact_spm,,SPM
HATHERTON T1,HATHERTON T1,exact_spm,,SPM
HERONS WAY T1 / LACHE T1 / MBNA T1 / SMFS KINGSMEADOW T1,HERONS WAY T1 / LACHE T1 / MBNA T1 / SMFS KINGSMEADOW T1,exact_spm,,SPM
HESWALL GT1 / HOYLAKE GT2 / PRENTON GT3,HESWALL GT1 / HOYLAKE GT2 / PRENTON GRID GT3,fuzzy_spm,,SPM
HIGHFIELD ST T2 / LIME ST T2 / OLD HAYMARKET T1,HIGHFIELD ST T2 / LIME ST T2 / OLD HAYMARKET T1,exact_spm,,SPM
HOLMES CHAPEL T1,HOLMES CHAPEL T1,exact_spm,,SPM
HOLT LA (WARRINGTON RD) T1 / PRESCOT T1 / RAINHILL LOCAL T1 / WHISTON HOSP T1,HOLT LA (WARRINGTON RD) T1 / PRESCOT T1 / RAINHILL LOCAL T1 / WHISTON HOSP T1,exact_spm,,SPM
HOLWAY RD T1,HOLWAY RD T1,exact_spm,,SPM
HOLYHEAD T1,HOLYHEAD T1,exact_spm,,SPM
HOLYWELL GT2 / RHYL GT1 / ST ASAPH GT2 / ST ASAPH GT4,HOLYWELL GT1 / RHYL GT1 / ST ASAPH GT2 / ST ASAPH GT4,fuzzy_spm,,SPM
HOLYWELL T1,HOLYWELL T1,exact_spm,,SPM
HOOTON MAIN T1,HOOTON MAIN T1,exact_spm,,SPM
HUNTS CROSS T1 / KENTON RD T1 / WOODEND AVE T1 / WOOLTON T1,HUNTS CROSS T1 / KENTON RD T1 / WOODEND AVE T1 / WOOLTON T1,exact_spm,,SPM
HUYTON HEY RD T1 / WILSON RD T1,HUYTON HEY RD T1 / WILSON RD T1,exact_spm,,SPM
HAGGS RD,HAGGS ROAD,fuzzy_spd,,SPD
HAGGS ROAD,HAGGS ROAD,exact_spd,,SPD
HAMILTON,HAMILTON,exact_spd,,SPD
HAWICK,HAWICK,exact_spd,,SPD
HEATHFIELD,HEATHFIELD,exact_spd,,SPD
HEATHHALL,HEATHHALL,exact_spd,,SPD
HECLA AVENUE,HECLA AVENUE,exact_spd,,SPD
HELEN STREET,HELEN STREET,exact_spd,,SPD
HELENSBURGH,HELENSBURGH,exact_spd,,SPD
HENDERSON ROW,HENDERSON ROW,exact_spd,,SPD
HIGH BLANTYRE,HIGH BLANTYRE,exact_spd,,SPD
HIGH MAINS MILTON,HIGH MAINS MILTON,exact_spd,,SPD
HORNCLIFFE,HORNCLIFFE,exact_spd,,SPD
HUNTER,HUNTER,exact_spd,,SPD
HUNTER STREET,HUNTER STREET,exact_spd,,SPD
IFTON T1 / IFTON T2,IFTON T1 / IFTON T2,exact_spm,,SPM
ILFORDS T1 / KNUTSFORD T1 / MOBBERLEY T1 / RADBROKE HALL T1,ILFORDS T1 / KNUTSFORD T1 / MOBBERLEY T1 / RADBROKE HALL T1,exact_spm,,SPM
INCE,,unmatched,,
IVY ST (SOUTHPORT) T1 / KENSINGTON RD T1 / MARKET ST T1 / SOUTHPORT T1,IVY ST (SOUTHPORT) T1 / KENSINGTON RD T1 / MARKET ST T1 / SOUTHPORT T1,exact_spm,,SPM
IVY ST T1 / LLYSFAEN RD T1 / OLD MILL T1,IVY ST T1 / LLYSFAEN RD T1 / OLD MILL T1,exact_spm,,SPM
INNERLEITHEN,,unmatched,,
INVERKEITHING,INVERKEITHING,exact_spd,,SPD
INVERKIP ROAD,INVERKIP ROAD,exact_spd,,SPD
IRVINE,IRVINE,exact_spd,,SPD
JOHNSTOWN T1,JOHNSTOWN T1,exact_spm,,SPM
JACKTON,JACKTON,exact_spd,,SPD
JOHNSTONE,JOHNSTONE,exact_spd,,SPD
JOHNSTONE,JOHNSTONE,exact_spd,,SPD
KELCO T1 / NEWS INTERNATIONAL T1 / NEWS INTERNATIONAL T2 / PALCO T1 / SOUTHDENE T1,KELCO T1 / NEWS INTERNATIONAL T1 / NEWS INTERNATIONAL T2 / PALCO T1 / SOUTHDENE T1 / AINSWORTH LANE T1,fuzzy_spm,,SPM
KINGSLAND 33 T1 / SAFEWAY T1 / WOOLSTON T1 / WOOLSTON T2,KINGSLAND 33 T1 / SAFEWAY T1 / WOOLSTON T1 / WOOLSTON T2,exact_spm,,SPM
KINNERTON T1,KINNERTON T1,exact_spm,,SPM
KIRKBY,KIRKBY,exact_spm,,SPM
KIRKBY CENTRAL T1 / NORTHWOOD T1 / TOWER HILL (BANK LA) T1 / WESTVALE T1,KIRKBY CENTRAL T1 / NORTHWOOD T1 / TOWER HILL (BANK LA) T1 / WESTVALE T1,exact_spm,,SPM
KNOWSLEY T1 / MARLED HEY T1,KNOWSLEY T1 / MARLED HEY T1,exact_spm,,SPM
KNUTSFORD T2,KNUTSFORD T2,exact_spm,,SPM
KAIMES,KAIMES,exact_spd,,SPD
KELLIEBANK,KELLIEBANK,exact_spd,,SPD
KELTY,KELTY,exact_spd,,SPD
KELVIN,KELVIN,exact_spd,,SPD
KELVINSIDE,KELVINSIDE,exact_spd,,SPD
KENNISHEAD AVENUE,KENNISHEAD AVENUE,exact_spd,,SPD
KILBIRNIE,KILBIRNIE,exact_spd,,SPD
KILBOWIE,KILBOWIE,exact_spd,,SPD
KILDRUM,KILDRUM,exact_spd,,SPD
KILLERMONT,KILLERMONT,exact_spd,,SPD
KILLOCH COLLIERY,KILLOCH COLLIERY,exact_spd,,SPD
KILMACOLM,KILMACOLM,exact_spd,,SPD
KILMARDINNY,KILMARDINNY,exact_spd,,SPD
KILMARNOCK MAIN,KILMARNOCK MAIN,exact_spd,,SPD
KILMARNOCK SOUTH,KILMARNOCK SOUTH,exact_spd,,SPD
KILMARNOCK TOWN,KILMARNOCK TOWN,exact_spd,,SPD
KILSYTH,KILSYTH,exact_spd,,SPD
KILWINNING,KILWINNING,exact_spd,,SPD
KINGS BUILDINGS,KINGS BUILDINGS,exact_spd,,SPD
KINGS INCH ROAD,KINGS INCH ROAD,exact_spd,,SPD
KINGSKNOWE ROAD NORTH,KINGSKNOWE ROAD NORTH,exact_spd,,SPD
KINGSLAND,KINGSLAND,exact_spd,,SPD
KIRKBANK,KIRKBANK,exact_spd,,SPD
KIRKINTILLOCH,KIRKINTILLOCH,exact_spd,,SPD
KIRKNEWTON,KIRKNEWTON,exact_spd,,SPD
KIRKTON,KIRKTON,exact_spd,,SPD
LANARK,LANARK,exact_spd,,SPD
LCWW HUNTINGTON T1 / LCWW HUNTINGTON T2,LCWW HUNTINGTON T1 / LCWW HUNTINGTON T2,exact_spm,,SPM
LEA GREEN T1 / PILKINGTONS HO T1 / RAVENHEAD RETAIL PK T1 / SOMERFIELD DISTRIBUTION T1,PILKINGTONS HO T1 / RAVENHEAD RETAIL PK T1 / SOMERFIELD DISTRIBUTION T1,fuzzy_spm,,SPM
LEGACY,LEGACY,exact_spm,,SPM
LEGACY LOCAL GT2 / NEWTOWN GT2 / OSWESTRY GT5 / OSWESTRY GT8 / WELSHPOOL GT1 / WHITCHURCH GT1,,unmatched,,
LEGACY LOCAL T1,LEGACY LOCAL T1,exact_spm,,SPM
LEIGHTON HOSP T1,LEIGHTON HOSP T1,exact_spm,,SPM
LISTER DRIVE,LISTER DRIVE,exact_spm,,SPM
LISTER DV B GT3 / SPARLING ST GT1 / WAVERTREE GT2,LISTER DV B GT3 / SPARLING ST GT1 / WAVERTREE GT2,exact_spm,,SPM
LITHERLAND GRID B / NORTH SEAFORTH,,unmatched,,
LIVERPOOL RD 33 T1,LIVERPOOL RD 33 T1,exact_spm,,SPM
LLAINGOCH T1,LLAINGOCH T1,exact_spm,,SPM
LLANARMON T1,LLANARMON T1,exact_spm,,SPM
LLANBEDROG T1,LLANBEDROG T1,exact_spm,,SPM
LLANBERIS T1,LLANBERIS T1,exact_spm,,SPM
LLANDDEUSANT T1,LLANDDEUSANT T1,exact_spm,,SPM
LLANDDU QUARRY T1,LLANDDU QUARRY T1,exact_spm,,SPM
LLANDEGFAN T1,LLANDEGFAN T1,exact_spm,,SPM
LLANDRINIO T1,LLANDRINIO T1,exact_spm,,SPM
LLANDUDNO T1 / LLANDUDNO T2,LLANDUDNO T1 / LLANDUDNO T2,exact_spm,,SPM
LLANDYFRYDOG T1,LLANDYFRYDOG T1,exact_spm,,SPM
LLANDYRNOG T1,LLANDYRNOG T1,exact_spm,,SPM
LLANFAELOG T1,LLANFAELOG T1,exact_spm,,SPM
LLANFAIR CAEREINION T1,LLANFAIR CAEREINION T1,exact_spm,,SPM
LLANFAIR PG T1,LLANFAIR PG T1,exact_spm,,SPM
LLANFAIRFECHAN T1,LLANFAIRFECHAN T1,exact_spm,,SPM
LLANFROTHEN T1,LLANFROTHEN T1,exact_spm,,SPM
LLANFWROG T1 / RUTHIN T1,LLANFWROG T1 / RUTHIN T1,exact_spm,,SPM
LLANFYLLIN T1 / LLANFYLLIN T2,LLANFYLLIN T1 / LLANFYLLIN T2,exact_spm,,SPM
LLANGAFFO T1,LLANGAFFO T1,exact_spm,,SPM
LLANGEFNI IND EST T1 / LLANGEFNI IND EST T2,LLANGEFNI IND EST T1 / LLANGEFNI IND EST T2,exact_spm,,SPM
LLANGEFNI T1,LLANGEFNI T1,exact_spm,,SPM
LLANGOLLEN T1 / LLANGOLLEN T2,LLANGOLLEN T1 / LLANGOLLEN T2,exact_spm,,SPM
LLANIDLOES T1 / LLANIDLOES T2,LLANIDLOES T1 / LLANIDLOES T2,exact_spm,,SPM
LLANILAR T1,LLANILAR T1,exact_spm,,SPM
LLANRWST T1,LLANRWST T1,exact_spm,,SPM
LLANSANNAN T1,LLANSANNAN T1,exact_spm,,SPM
LLANSILIN T1,LLANSILIN T1,exact_spm,,SPM
LLYNCLYS T1,LLYNCLYS T1,exact_spm,,SPM
LORD ST T1 / MARSHSIDE T1 / MULLARDS BALMORAL DV T1 / SOUTHPORT T2,LORD ST T1 / MARSHSIDE T1 / MULLARDS BALMORAL DV T1 / SOUTHPORT T2,exact_spm,,SPM
LOSTOCK T1,LOSTOCK T1,exact_spm,,SPM
LOSTOCK TRIANGLE T1,LOSTOCK TRIANGLE T1,exact_spm,,SPM
LOWER BEBINGTON T1 / NEW FERRY T1 / SPITAL T1 / UNILEVER RESEARCH T1,LOWER BEBINGTON T1 / NEW FERRY T1 / SPITAL T1 / UNILEVER RESEARCH T1,exact_spm,,SPM
LUGSDALE T1 / PILK SULLIVAN T1 / PILK SULLIVAN T2 / USAC T1,LUGSDALE T1 / PILK SULLIVAN T1 / PILK SULLIVAN T2 / USAC T1,exact_spm,,SPM
LYMM T1 / WHITELEGGS LA T1,LYMM T1 / WHITELEGGS LA T1,exact_spm,,SPM
LADY VICTORIA,LADY VICTORIA,exact_spd,,SPD
LANGHOLM,LANGHOLM,exact_spd,,SPD
LANGLANDS STREET,LANGLANDS STREET,exact_spd,,SPD
LANGSIDE,LANGSIDE,exact_spd,,SPD
LARBERT,LARBERT,exact_spd,,SPD
LARGS,LARGS,exact_spd,,SPD
LARKFIELD,LARKFIELD,exact_spd,,SPD
LARKHALL,,unmatched,,
LARKHALL TOWN,LARKHALL TOWN,exact_spd,,SPD
LAUDER,LAUDER,exact_spd,,SPD
LEONARDS CHAPEL,LEONARDS CHAPEL,exact_spd,,SPD
LESLIE STREET,LESLIE STREET,exact_spd,,SPD
LESMAHAGOW,LESMAHAGOW,exact_spd,,SPD
LETHANHILL,LETHANHILL,exact_spd,,SPD
LEUCHARS,LEUCHARS,exact_spd,,SPD
LEVEN,LEVEN,exact_spd,,SPD
LEVEN,LEVEN,exact_spd,,SPD
LEVEN STREET,LEVEN STREET,exact_spd,,SPD
LEVENBANK,LEVENBANK,exact_spd,,SPD
LINLITHGOW,LINLITHGOW,exact_spd,,SPD
LINNMILL,LINNMILL,exact_spd,,SPD
LINTHAUGH ROAD,LINTHAUGH ROAD,exact_spd,,SPD
LINTHOUSE,LINTHOUSE,exact_spd,,SPD
LINTON LANE,LINTON LANE,exact_spd,,SPD
LITTLE FRANCE,LITTLE FRANCE,exact_spd,,SPD
LIVINGSTON EAST,LIVINGSTON EAST,exact_spd,,SPD
LOANING,LOANING,exact_spd,,SPD
LOANSTONE,LOANSTONE,exact_spd,,SPD
LOCHEND QUAD,LOCHEND QUADRANT,fuzzy_spd,,SPD
LOCHSIDE,LOCHSIDE,exact_spd,,SPD
LOCHWINNOCH,LOCHWINNOCH,exact_spd,,SPD
LOCKERBIE,LOCKERBIE,exact_spd,,SPD
LONGANNET,LONGANNET,exact_spd,,SPD
LOWER LONDON ROAD,LOWER LONDON ROAD,exact_spd,,SPD
LUGTON,LUGTON,exact_spd,,SPD
MACHYNLLETH T1,MACHYNLLETH T1,exact_spm,,SPM
MACHYNLLETH T2,MACHYNLLETH T2,exact_spm,,SPM
MAELOR CREAMERY T1,MAELOR CREAMERY T1,exact_spm,,SPM
MAENTWROG T1,MAENTWROG T1,exact_spm,,SPM
MAES-Y-CLAWDD T1,MAES-Y-CLAWDD T1,exact_spm,,SPM
MANOD T1,MANOD T1,exact_spm,,SPM
MANOR PK T1 / NORTON CHAINS T1,MANOR PK T1 / NORTON CHAINS T1,exact_spm,,SPM
MDHB EGERTON DOCK T1 / MDHB EGERTON DOCK T2,MDHB EGERTON DOCK T1 / MDHB EGERTON DOCK T2,exact_spm,,SPM
MERE T1,MERE T1,exact_spm,,SPM
MIDDLEWICH T1,MIDDLEWICH T1,exact_spm,,SPM
MIDPOINT POCHIN WAY T1,MIDPOINT POCHIN WAY T1,exact_spm,,SPM
MILFORD T1,MILFORD T1,exact_spm,,SPM
MINFFORDD T1 / PARC BRYN CEGIN T1 / PARC BRYN CEGIN T2,MINFFORDD T1 / PARC BRYN CEGIN T1 / PARC BRYN CEGIN T2,exact_spm,,SPM
MOCHDRE T1,MOCHDRE T1,exact_spm,,SPM
MONA T1,MONA T1,exact_spm,,SPM
MONSANTO T1,MONSANTO T1,exact_spm,,SPM
MORDA T1,MORDA T1,exact_spm,,SPM
MORGANITE CERAMICS T1 / PLYMYARD T2,,unmatched,,
MORRISONS T1,MORRISONS T1,exact_spm,,SPM
MANUEL,MANUEL,exact_spd,,SPD
MARKETHILL,MARKETHILL,exact_spd,,SPD
MARTIN MILLER,MARTIN MILLER,exact_spd,,SPD
MAUCHLINE,MAUCHLINE,exact_spd,,SPD
MAUKINFAULD ROAD,MAUKINFAULD ROAD,exact_spd,,SPD
MAXWELL STREET,MAXWELL STREET,exact_spd,,SPD
MAXWELLTON,MAXWELLTON,exact_spd,,SPD
MAYBOLE,MAYBOLE,exact_spd,,SPD
MAYBOLE,MAYBOLE,exact_spd,,SPD
MEADOW ROAD,,unmatched,,
MENSTRIE,MENSTRIE,exact_spd,,SPD
METHILHILL,METHILHILL,exact_spd,,SPD
MIDDLEBIE,MIDDLEBIE,exact_spd,,SPD
MILL STREET,MILL STREET,exact_spd,,SPD
MILLIKEN,MILLIKEN,exact_spd,,SPD
MILTON,MILTON,exact_spd,,SPD
MITCHELL STREET,MITCHELL STREET,exact_spd,,SPD
MOFFAT,MOFFAT,exact_spd,,SPD
MONKTON,MONKTON,exact_spd,,SPD
MONKTONHALL,MONKTONHALL,exact_spd,,SPD
MOREBATTLE,MOREBATTLE,exact_spd,,SPD
MORTONHALL,MORTONHALL,exact_spd,,SPD
MUCKRAW,MUCKRAW,exact_spd,,SPD
MUIRHOUSE,MUIRHOUSE,exact_spd,,SPD
MUIRHOUSE BANK,MUIRHOUSE BANK,exact_spd,,SPD
MYOTHILL,MYOTHILL,exact_spd,,SPD
MYRTLE ROAD,MYRTLE ROAD,exact_spd,,SPD
NANT-Y-GAMAR T1,NANT-Y-GAMAR T1,exact_spm,,SPM
NANTWICH T1,NANTWICH T1,exact_spm,,SPM
NEVILL ST T1 / OCEAN PLAZA T1 / YORK RD T1,NEVILL ST T1 / OCEAN PLAZA T1 / YORK RD T1,exact_spm,,SPM
NEW BRIGHTON T1 / SEAVIEW RD T2 / WALLASEY T1 / WALLASEY VILLAGE T1,NEW BRIGHTON T1 / SEAVIEW RD T2 / WALLASEY T1 / WALLASEY VILLAGE T1,exact_spm,,SPM
NEWHALL T1 / NEWHALL T2,NEWHALL T1 / NEWHALL T2,exact_spm,,SPM
NORTH WALES PAPER T1 / NORTH WALES PAPER T2 / WOODFIELD AVE T1,NORTH WALES PAPER T1 / NORTH WALES PAPER T2 / WOODFIELD AVE T1,exact_spm,,SPM
NEILSLAND,NEILSLAND,exact_spd,,SPD
NETHERDALE,NETHERDALE,exact_spd,,SPD
NETHERTOWN,NETHERTOWN,exact_spd,,SPD
NEW CUMNOCK,NEW CUMNOCK,exact_spd,,SPD
NEWARTHILL,NEWARTHILL,exact_spd,,SPD
NEWBRIDGE,NEWBRIDGE,exact_spd,,SPD
NEWBURGH,NEWBURGH,exact_spd,,SPD
NEWCASTLETON,NEWCASTLETON,exact_spd,,SPD
NEWHOUSE,NEWHOUSE,exact_spd,,SPD
NEWLANDS,NEWLANDS,exact_spd,,SPD
NEWMILNS,NEWMILNS,exact_spd,,SPD
NEWTON STEWART,NEWTON STEWART,exact_spd,,SPD
NEWTON STEWART,NEWTON STEWART,exact_spd,,SPD
NEWTON STREET,NEWTON STREET,exact_spd,,SPD
NIDDRIE,NIDDRIE,exact_spd,,SPD
NORHAM,NORHAM,exact_spd,,SPD
NORTH BERWICK,NORTH BERWICK,exact_spd,,SPD
NORTH ROAD,NORTH ROAD,exact_spd,,SPD
OMEGA T1 / OMEGA T2 / ORION BOULEVARD T1 / NORTH WEST WATER CAMPUS T1 / NORTH WEST WATER CAMPUS T2,,unmatched,,
OPTICAL FIBRES T1 / SHOTWICK T1 / WALBRO T1,OPTICAL FIBRES T1 / SHOTWICK T1 / WALBRO T1,exact_spm,,SPM
ORB CL T1 / STONEBRIDGE LA T1 / STONEBRIDGE LA T2,ORB CL T1 / STONEBRIDGE LA T1 / STONEBRIDGE LA T2,exact_spm,,SPM
ORFORD T1 / PADGATE T1,ORFORD T1 / PADGATE T1,exact_spm,,SPM
OTIS ELEVATOR T1 / ST IVEL FOODS T1,OTIS ELEVATOR T1 / ST IVEL FOODS T1,exact_spm,,SPM
OVERTON T1,OVERTON T1,exact_spm,,SPM
OAKFIELD,LARKFIELD,fuzzy_spd,,SPD
OCEAN DRIVE,OCEAN DRIVE,exact_spd,,SPD
OLD BRIDGE ROAD,OLD BRIDGE ROAD,exact_spd,,SPD
OLD DUMBARTON ROAD,OLD DUMBARTON ROAD,exact_spd,,SPD
OLD INNS,OLD INNS,exact_spd,,SPD
OVERTOWN,OVERTOWN,exact_spd,,SPD
OXGANGS ROAD,OXGANGS ROAD,exact_spd,,SPD
PALL MALL T1 / LITTLEWOODS T1,,unmatched,,
PANDY T1 / PANDY T2,PANDY T1 / PANDY T2,exact_spm,,SPM
PARC CYBI T1 / PARC CYBI T2,PARC CYBI T1 / PARC CYBI T2,exact_spm,,SPM
PARC MENAI T1,PARC MENAI T1,exact_spm,,SPM
PEBLIC MILLS T1,PEBLIC MILLS T1,exact_spm,,SPM
PEN-Y-GROES T1,PEN-Y-GROES T1,exact_spm,,SPM
PENMAENMAWR T1,PENMAENMAWR T1,exact_spm,,SPM
PENTIR / ST ASAPH,,unmatched,,
PENTRAETH T1,PENTRAETH T1,exact_spm,,SPM
PILKINGTONS T1 / PILKINGTONS T2,PILKINGTONS T1 / PILKINGTONS T2,exact_spm,,SPM
POINT OF AYR COLLIERY T1,POINT OF AYR COLLIERY T1,exact_spm,,SPM
PORTHMADOG T1 / PORTHMADOG T2,PORTHMADOG T1 / PORTHMADOG T2,exact_spm,,SPM
PREES T1,PREES T1,exact_spm,,SPM
PRENTON GT1 / ROCK FERRY GT1,PRENTON GRID GT1 / ROCK FERRY GT1,fuzzy_spm,,SPM
PRIMROSE HALL T1,PRIMROSE HALL T1,exact_spm,,SPM
PWLLHELI T1,PWLLHELI T1,exact_spm,,SPM
PADDINGTON PLACE T1 / PADDINGTON PLACE T2,,unmatched,,
PAISLEY,PAISLEY,exact_spd,,SPD
PARK ROAD,PARK ROAD,exact_spd,,SPD
PARTICK,PARTICK,exact_spd,,SPD
PAULVILLE,PAULVILLE,exact_spd,,SPD
PENCAITLAND,PENCAITLAND,exact_spd,,SPD
PENICUIK,PENICUIK,exact_spd,,SPD
PENNYWELL ROAD,PENNYWELL ROAD,exact_spd,,SPD
PENPONT,PENPONT,exact_spd,,SPD
PEPPERCRAIGS,PEPPERCRAIGS,exact_spd,,SPD
PETERSHILL ROAD,PETERSHILL ROAD,exact_spd,,SPD
PILTON DRIVE WEST,PILTON DRIVE WEST,exact_spd,,SPD
PINWHERRY,PINWHERRY,exact_spd,,SPD
PITREAVIE,PITREAVIE,exact_spd,,SPD
PITTEUCHAR,PITTEUCHAR,exact_spd,,SPD
POLKEMMET,POLKEMMET,exact_spd,,SPD
POLMONT,POLMONT,exact_spd,,SPD
POLTONHALL,POLTONHALL,exact_spd,,SPD
PORT DUNDAS,PORT DUNDAS,exact_spd,,SPD
PORT GLASGOW,PORT GLASGOW,exact_spd,,SPD
PORTOBELLO A,PORTOBELLO,fuzzy_spd,,SPD
PORTOBELLO B,PORTOBELLO,fuzzy_spd,,SPD
PORTOBELLO C,PORTOBELLO,fuzzy_spd,,SPD
PORTOBELLO,PORTOBELLO,exact_spd,,SPD
PRESTONPANS,PRESTONPANS,exact_spd,,SPD
PYRAMID,PYRAMID,exact_spd,,SPD
QUEENS DRIVE,QUEENS DRIVE,exact_spd,,SPD
QUEENSWAY,QUEENSWAY,exact_spd,,SPD
RADWAY GREEN T1,RADWAY GREEN T1,exact_spm,,SPM
RAF VALLEY T1,,unmatched,,
RAINHILL,RAINHILL,exact_spm,,SPM
RAVEN SQUARE T1,RAVEN SQUARE T1,exact_spm,,SPM
RAVENHEAD G1A1 / ST HELENS GT1 / WINDLE GT1,RAVENHEAD G1A1 / ST HELENS GT2B / WINDLE GT1,fuzzy_spm,,SPM
REFORM ST T1,REFORM ST T1,exact_spm,,SPM
RHM FOODS LTD T1,RHM FOODS LTD T1,exact_spm,,SPM
RHOSLAN T1,RHOSLAN T1,exact_spm,,SPM
RHUDDLAN T1,RHUDDLAN T1,exact_spm,,SPM
RHYD-Y-FOEL T1,RHYD-Y-FOEL T1,exact_spm,,SPM
RHYDLYDAN T2,RHYDLYDAN T2,exact_spm,,SPM
RHYL GT2,,unmatched,,
RINGWAY T1,,unmatched,,
RIVALS T1,RIVALS T1,exact_spm,,SPM
ROLLS ROYCE T1 / ROLLS ROYCE T2 / ROLLS ROYCE T3,,unmatched,,
ROSSETT T1,ROSSETT T1,exact_spm,,SPM
ROYAL INSURANCE (NEW QUAY) T1 / ROYAL INSURANCE (NEW QUAY) T2,ROYAL INSURANCE (NEW QUAY) T1 / ROYAL INSURANCE (NEW QUAY) T2,exact_spm,,SPM
RUABON T1,RUABON T1,exact_spm,,SPM
RADNOR PARK,RADNOR PARK,exact_spd,,SPD
RAITH,RAITH,exact_spd,,SPD
RALSTON,RALSTON,exact_spd,,SPD
RANDOLPH LANE,RANDOLPH LANE,exact_spd,,SPD
RANDOLPH ROAD,RANDOLPH ROAD,exact_spd,,SPD
RANNOCH ROAD,RANNOCH ROAD,exact_spd,,SPD
RAVENSPARK,RAVENSPARK,exact_spd,,SPD
REDHOUSE,REDHOUSE,exact_spd,,SPD
REDHOUSE,REDHOUSE,exact_spd,,SPD
RIVERSIDE,RIVERSIDE,exact_spd,,SPD
ROSEBURN,ROSEBURN,exact_spd,,SPD
ROTTENROW,ROTTENROW,exact_spd,,SPD
ROTTENROW B,ROTTENROW B,exact_spd,,SPD
S&N VIEWFORTH,,unmatched,,
SALT UNION,,unmatched,,
SANDBACH T1,SANDBACH T1,exact_spm,,SPM
SANKEY BRIDGES GT3 / WARRINGTON GT5,SANKEY BRIDGES GT3 / WARRINGTON GT5,exact_spm,,SPM
SEC PRIMARY,,unmatched,,
SHAWBURY T1,SHAWBURY T1,exact_spm,,SPM
SMALLWOOD T1,SMALLWOOD T1,exact_spm,,SPM
SNOWHILL T1,SNOWHILL T1,exact_spm,,SPM
ST ASAPH BUSINESS PK T1,ST ASAPH BUSINESS PK T1,exact_spm,,SPM
ST HELENS RD T1,ST HELENS RD T1,exact_spm,,SPM
STAPELEY T1,STAPELEY T1,exact_spm,,SPM
SALTCOATS A,SALTCOATS A,exact_spd,,SPD
SALTCOATS B,SALTCOATS B,exact_spd,,SPD
SALTCOATS MAIN,SALTCOATS MAIN,exact_spd,,SPD
SALTNEY T1,SALTNEY T1,exact_spm,,SPM
SAUCHIE,SAUCHIE,exact_spd,,SPD
SAUGHTON ROAD NORTH,SAUGHTON ROAD NORTH,exact_spd,,SPD
SELKIRK,SELKIRK,exact_spd,,SPD
SHAWPARK STREET,SHAWPARK STREET,exact_spd,,SPD
SHERWOOD,SHERWOOD,exact_spd,,SPD
SHOTTS,SHOTTS,exact_spd,,SPD
SHRUBHILL,SHRUBHILL,exact_spd,,SPD
SIGHTHILL,SIGHTHILL,exact_spd,,SPD
SIGHTHILL FARM,SIGHTHILL FARM,exact_spd,,SPD
SORBIE,SORBIE,exact_spd,,SPD
SOUTH GYLE,SOUTH GYLE,exact_spd,,SPD
SOUTH QUEENSFERRY,SOUTH QUEENSFERRY,exact_spd,,SPD
SOUTHFIELD,SOUTHFIELD,exact_spd,,SPD
SPANGO,,unmatched,,
SPOTT ROAD,SPOTT ROAD,exact_spd,,SPD
ST ANDREWS,ST. ANDREWS,fuzzy_spd,,SPD
ST ANDREWS CROSS,ST. ANDREWS CROSS,fuzzy_spd,,SPD
ST BOSWELLS,ST. BOSWELLS,fuzzy_spd,,SPD
ST JAMES CENTRE,ST. JAMES CENTRE,fuzzy_spd,,SPD
ST NINIANS,ST. NINIANS,fuzzy_spd,,SPD
ST VINCENT CRESCENT,ST VINCENT CRESCENT,exact_spd,,SPD
STEPFORD,STEPFORD,exact_spd,,SPD
STEVENSTON,STEVENSTON,exact_spd,,SPD
STEWARTON,STEWARTON,exact_spd,,SPD
STIRLING,STIRLING,exact_spd,,SPD
STIRLING,STIRLING,exact_spd,,SPD
STIRLING UNIVERSITY,STIRLING UNIVERSITY,exact_spd,,SPD
STONEHOUSE,STONEHOUSE,exact_spd,,SPD
STRANRAER,STRANRAER,exact_spd,,SPD
STRATHAVEN,STRATHAVEN,exact_spd,,SPD
STRATHAVEN,STRATHAVEN,exact_spd,,SPD
STRATHLEVEN,STRATHLEVEN,exact_spd,,SPD
STRATHLEVEN,STRATHLEVEN,exact_spd,,SPD
TACO PLASTICS T1 / TACO PLASTICS T2 / UNITED PERIPHERALS T1,TACO PLASTICS T1 / TACO PLASTICS T2 / UNITED PERIPHERALS T1,exact_spm,,SPM
TARPORLEY T1,TARPORLEY T1,exact_spm,,SPM
TARVIN T1,TARVIN T1,exact_spm,,SPM
TRAWSFYNYDD,TRAWSFYNYDD,exact_spm,,SPM
TRYWERYN T1,TRYWERYN T1,exact_spm,,SPM
TWYFORDS T1,TWYFORDS T1,exact_spm,,SPM
TYWYN T1,TYWYN T1,exact_spm,,SPM
TELFORD RD,TELFORD ROAD,fuzzy_spd,,SPD
TELFORD ROAD,TELFORD ROAD,exact_spd,,SPD
THISTLE COURT,THISTLE COURT,exact_spd,,SPD
TONGLAND 33KV,,unmatched,,
TORNESS,TORNESS,exact_spd,,SPD
TOWERS ROAD,TOWERS ROAD,exact_spd,,SPD
TOWNHILL,TOWNHILL,exact_spd,,SPD
TRANENT,TRANENT,exact_spd,,SPD
TROON,TROON,exact_spd,,SPD
UDDINGSTON,UDDINGSTON,exact_spd,,SPD
UNDERWOOD,UNDERWOOD,exact_spd,,SPD
VAUXHALL NORTH RD T1,,unmatched,,
VIRGINIA STREET,VIRGINIA STREET,exact_spd,,SPD
WAENFAWR T1,WAENFAWR T1,exact_spm,,SPM
WALLASEY GT1 / WALLASEY GT2 / WOODSIDE GT2,WALLASEY GT1 / WALLASEY GT2 / WOODSIDE GT2,exact_spm,,SPM
WELSHPOOL T1,WELSHPOOL T1,exact_spm,,SPM
WEM EAST T1,WEM EAST T1,exact_spm,,SPM
WEM T1,WEM T1,exact_spm,,SPM
WERVIN T1,WERVIN T1,exact_spm,,SPM
WEST FELTON T1,WEST FELTON T1,exact_spm,,SPM
WESTON T1,WESTON T1,exact_spm,,SPM
WHEELOCK T1,WHEELOCK T1,exact_spm,,SPM
WHITCHURCH T1,WHITCHURCH T1,exact_spm,,SPM
WIMPEYS PANT QUARRY T1 / WIMPEYS PANT QUARRY T2,WIMPEYS PANT QUARRY T1 / WIMPEYS PANT QUARRY T2,exact_spm,,SPM
WINCHAM T1,WINCHAM T1,exact_spm,,SPM
WISTASTON HALL T1,WISTASTON HALL T1,exact_spm,,SPM
WRENBURY FRITH T1,WRENBURY FRITH T1,exact_spm,,SPM
WADDELL STREET,WADDELL STREET,exact_spd,,SPD
WAROUT ROAD,WAROUT ROAD,exact_spd,,SPD
WATLING STREET,WATLING STREET,exact_spd,,SPD
WAVERTREE BOULEVARD T1 / WAVERTREE BOULEVARD T2,,unmatched,,
WEST CALDER,WEST CALDER,exact_spd,,SPD
WEST GEORGE ST,WEST GEORGE STREET,fuzzy_spd,,SPD
WEST GEORGE STREET,WEST GEORGE STREET,exact_spd,,SPD
WEST LINTON,WEST LINTON,exact_spd,,SPD
WESTBURN RD,WESTBURN ROAD,fuzzy_spd,,SPD
WESTBURN ROAD,WESTBURN ROAD,exact_spd,,SPD
WESTERTON,WESTERTON,exact_spd,,SPD
WESTFIELD,WESTFIELD,exact_spd,,SPD
WESTFIELD AVENUE,WESTFIELD AVE,fuzzy_spd,,SPD
WESTWOOD,WESTWOOD,exact_spd,,SPD
WHITCHESTER,WHITCHESTER,exact_spd,,SPD
WHITEHOUSE,WHITEHOUSE,exact_spd,,SPD
WHITLAWBURN,WHITLAWBURN,exact_spd,,SPD
WHOLEFLATS,WHOLEFLATS,exact_spd,,SPD
WILLIAM STREET,WILLIAM STREET,exact_spd,,SPD
WISHAW A,WISHAW,fuzzy_spd,,SPD
WISHAW B,WISHAW,fuzzy_spd,,SPD
WOODEND,WOODEND,exact_spd,,SPD
WOODISLE,WOODISLE,exact_spd,,SPD
WOODSIDE,WOODSIDE,exact_spd,,SPD
YOCKINGS GATE T1,YOCKINGS GATE T1,exact_spm,,SPM
YSBYTY GLAN CLWYD T1,YSBYTY GLAN CLWYD T1,exact_spm,,SPM
YETHOLM,YETHOLM,exact_spd,,SPD
YOKER FERRY ROAD,YOKER FERRY ROAD,exact_spd,,SPD
ZETLAND PARK,ZETLAND PARK,exact_spd,,SPD
